id;os;cliente;chave_nfe;numero_nf;placa;data_os;updated_at;data_emissao_laudo;data_hora_doc
"24215761";"541629";"BUNGE ALIMENTOS S/A";"41260479114450018960550010001598631401302895";"000159863";"MBL-0A14";"28/04/2026";"28/04/2026 12:32";"28/04/2026 12:03";""
"24215576";"541629";"BUNGE ALIMENTOS S/A";"41260479114450018960550010001598591381002899";"000159859";"KEP-9D63";"28/04/2026";"28/04/2026 12:26";"28/04/2026 11:43";""
"24215508";"541629";"BUNGE ALIMENTOS S/A";"41260479114450018960550010001598581594302892";"000159858";"ASO-8J86";"28/04/2026";"28/04/2026 12:26";"28/04/2026 11:36";""
"24215416";"542118";"BUNGE ALIMENTOS S/A";"41260479114450022134550010000667981305203210";"066798";"MIP-3B40";"28/04/2026";"28/04/2026 12:27";"28/04/2026 11:28";""
"24215369";"542118";"BUNGE ALIMENTOS S/A";"41260479114450022134550010000667891951203210";"066789";"AII-9A13";"28/04/2026";"28/04/2026 12:27";"28/04/2026 11:23";""
"24215269";"542118";"BUNGE ALIMENTOS S/A";"41260479114450022134550010000667881853003210";"066788";"AQT-0F20";"28/04/2026";"28/04/2026 12:27";"28/04/2026 11:15";""
"24215149";"542118";"BUNGE ALIMENTOS S/A";"41260479114450022134550010000667831447203217";"066783";"ABE-9D25";"28/04/2026";"28/04/2026 12:26";"28/04/2026 11:03";""
"24214759";"534191";"BUNGE ALIMENTOS S/A";"51260413724386000126550030000044441342366786";"4444";"GHL-5H07";"28/04/2026";"28/04/2026 12:04";"28/04/2026 10:26";""
"24214467";"542118";"BUNGE ALIMENTOS S/A";"41260479114450022134550010000667661815903210";"066766";"AFV-6180";"28/04/2026";"28/04/2026 11:22";"28/04/2026 09:57";""
"24214464";"538795";"BUNGE ALIMENTOS S/A";"41260476093731009309550010000127131128531465";"12713";"JVH-4G97";"28/04/2026";"28/04/2026 10:43";"28/04/2026 09:57";""
"24214389";"541629";"BUNGE ALIMENTOS S/A";"41260479114450018960550010001598471158502894";"000159847";"SFN-3D06";"28/04/2026";"28/04/2026 10:42";"28/04/2026 09:53";""
"24214306";"541629";"BUNGE ALIMENTOS S/A";"41260479114450018960550010001598461738802896";"000159846";"HDI-6B14";"28/04/2026";"28/04/2026 10:43";"28/04/2026 09:45";""
"24214275";"541629";"BUNGE ALIMENTOS S/A";"41260479114450018960550010001598451402102891";"000159845";"AUL-3G91";"28/04/2026";"28/04/2026 10:37";"28/04/2026 09:41";""
"24214205";"542118";"BUNGE ALIMENTOS S/A";"41260479114450022134550010000667651770203217";"066765";"ATO-2621";"28/04/2026";"28/04/2026 10:43";"28/04/2026 09:33";""
"24214203";"541131";"BUNGE ALIMENTOS S/A";"51260400019525303934559230000186121994644107";"612";"MEC-8A44";"28/04/2026";"28/04/2026 10:08";"28/04/2026 09:33";""
"24214147";"541759";"BUNGE ALIMENTOS S/A";"51260400024580783034559200000089411000504500";"8941";"AVL-9A01";"28/04/2026";"28/04/2026 10:54";"28/04/2026 09:32";""
"24214132";"541759";"BUNGE ALIMENTOS S/A";"51260400024580783034559200000089401000504449";"8940";"BEY-6D08";"28/04/2026";"28/04/2026 10:49";"28/04/2026 09:30";""
"24213848";"541831";"BUNGE ALIMENTOS S/A";"51260400059269189104559210000023771728371823";"2377";"BEA-8D33";"28/04/2026";"28/04/2026 10:04";"28/04/2026 08:52";""
"24213648";"541844";"BUNGE ALIMENTOS S/A";"51260400059269189104559210000023761110864315";"2376";"ELR-9560";"28/04/2026";"28/04/2026 10:54";"28/04/2026 07:52";""
"24213617";"541844";"BUNGE ALIMENTOS S/A";"51260400059269189104559210000023751372287652";"2375";"GCA-8H33";"28/04/2026";"28/04/2026 10:54";"28/04/2026 07:43";""
"24213058";"541459";"BUNGE ALIMENTOS S/A";"51260405480855000938550010000048061835674406";"4805";"AHU-9989";"27/04/2026";"27/04/2026 20:24";"27/04/2026 19:45";""
"24212881";"541459";"BUNGE ALIMENTOS S/A";"51260405480855000938550010000048051943778953";"4805";"QWD-5G02";"27/04/2026";"27/04/2026 20:41";"27/04/2026 19:16";""
"24212801";"541522";"BUNGE ALIMENTOS S/A";"51260400016840186920559240000032671767524936";"3267";"MWU-7D48";"27/04/2026";"27/04/2026 20:02";"27/04/2026 18:58";""
"24212220";"541759";"BUNGE ALIMENTOS S/A";"51260400024580783034559200000089381000504351";"8938";"QCB-1I93";"27/04/2026";"27/04/2026 18:50";"27/04/2026 17:42";""
"24212168";"541759";"BUNGE ALIMENTOS S/A";"51260400024580783034559200000089361000504322";"8936";"EGJ-5G34";"27/04/2026";"27/04/2026 18:49";"27/04/2026 17:36";""
"24212092";"541175";"BUNGE ALIMENTOS S/A";"51260400099470195191559230000185491162459100";"18549";"TVC-1D39";"27/04/2026";"27/04/2026 20:07";"27/04/2026 17:29";""
"24211901";"541759";"BUNGE ALIMENTOS S/A";"51260400024580783034559200000089351000504317";"8935";"DPC-0E62";"27/04/2026";"27/04/2026 18:29";"27/04/2026 17:17";""
"24211385";"539448";"BUNGE ALIMENTOS S/A";"51260400005370959935559200000015941000068374";"1594";"BCC-8F65";"27/04/2026";"27/04/2026 19:00";"27/04/2026 17:04";""
"24211128";"541131";"BUNGE ALIMENTOS S/A";"51260400019525303934559230000186061108775919";"18606";"KER-9D01";"27/04/2026";"27/04/2026 19:11";"27/04/2026 16:45";""
"24210934";"533270";"BUNGE ALIMENTOS S/A";"51260408895796002224550220000051241701575641";"5124";"RXP-0E78";"27/04/2026";"27/04/2026 18:13";"27/04/2026 16:28";""
"24210648";"533270";"BUNGE ALIMENTOS S/A";"51260408895796002224550220000051231982328670";"5123";"OAX-8G97";"27/04/2026";"27/04/2026 18:12";"27/04/2026 16:05";""
"24210609";"534191";"BUNGE ALIMENTOS S/A";"51260413724386000126550030000044401360446401";"4440";"OBF-0G24";"27/04/2026";"27/04/2026 19:24";"27/04/2026 16:01";""
"24210506";"534191";"BUNGE ALIMENTOS S/A";"51260413724386000126550030000044391253435766";"4439";"NCF-8G02";"27/04/2026";"27/04/2026 17:07";"27/04/2026 15:55";""
"24210404";"534191";"BUNGE ALIMENTOS S/A";"51260413724386000126550030000044381682892290";"4438";"AYF-6F56";"27/04/2026";"27/04/2026 17:02";"27/04/2026 15:46";""
"24210370";"541131";"BUNGE ALIMENTOS S/A";"51260400019525303934559230000186001871027214";"18600";"ACR-8G00";"27/04/2026";"27/04/2026 18:21";"27/04/2026 15:43";""
"24210305";"533270";"BUNGE ALIMENTOS S/A";"51260408895796002224550220000051221405476621";"5122";"QOZ-6C58";"27/04/2026";"27/04/2026 18:11";"27/04/2026 15:38";""
"24210163";"541385";"BUNGE ALIMENTOS S/A";"51260410425282000556550010000509311638484135";"001";"KAL-0F91";"27/04/2026";"27/04/2026 17:18";"27/04/2026 15:26";""
"24210159";"541131";"BUNGE ALIMENTOS S/A";"51260400019525303934559230000185981015594503";"18598";"AUP-4F59";"27/04/2026";"27/04/2026 19:10";"27/04/2026 15:26";""
"24210159";"541131";"BUNGE ALIMENTOS S/A";"51260400019525303934559230000185981015594503";"18598";"AUP-4F59";"27/04/2026";"27/04/2026 19:10";"27/04/2026 15:26";""
"24210158";"533270";"BUNGE ALIMENTOS S/A";"51260408895796002224550220000051211553831384";"5121";"QOU-4F05";"27/04/2026";"27/04/2026 18:16";"27/04/2026 15:26";""
"24210157";"541759";"BUNGE ALIMENTOS S/A";"51260400024580783034559200000089331000504282";"8933";"EJX-7C80";"27/04/2026";"27/04/2026 17:12";"27/04/2026 15:25";""
"24210118";"541759";"BUNGE ALIMENTOS S/A";"51260400024580783034559200000089321000504277";"8932";"AXT-0D80";"27/04/2026";"27/04/2026 19:45";"27/04/2026 15:23";""
"24210096";"541759";"BUNGE ALIMENTOS S/A";"51260400024580783034559200000089311000504261";"8931";"EKH-4E63";"27/04/2026";"27/04/2026 17:09";"27/04/2026 15:21";""
"24210089";"541131";"BUNGE ALIMENTOS S/A";"51260400019525303934559230000186011221061490";"18601";"AGJ-4B07";"27/04/2026";"27/04/2026 18:32";"27/04/2026 15:21";""
"24210059";"541759";"BUNGE ALIMENTOS S/A";"51260400024580783034559200000089301000504256";"8930";"CCI-9702";"27/04/2026";"27/04/2026 17:12";"27/04/2026 15:18";""
"24210036";"541759";"BUNGE ALIMENTOS S/A";"51260400024580783034559200000089291000504247";"8929";"ASC-0E31";"27/04/2026";"27/04/2026 18:32";"27/04/2026 15:16";""
"24210018";"541759";"BUNGE ALIMENTOS S/A";"51260400024580783034559200000089281000504231";"8928";"AST-7543";"27/04/2026";"27/04/2026 17:09";"27/04/2026 15:14";""
"24209774";"540968";"BUNGE ALIMENTOS S/A";"51260400026611600191559220000077821135894974";"000007782";"QCE-3H36";"27/04/2026";"27/04/2026 17:01";"27/04/2026 14:57";""
"24209707";"533270";"BUNGE ALIMENTOS S/A";"51260408895796002224550220000051201928538270";"5120";"QBX-4G21";"27/04/2026";"27/04/2026 18:10";"27/04/2026 14:52";""
"24209625";"540968";"BUNGE ALIMENTOS S/A";"51260400026611600191559220000077811135894942";"000007781";"TAZ-0J78";"27/04/2026";"27/04/2026 17:00";"27/04/2026 14:47";""
"24209621";"542120";"BUNGE ALIMENTOS S/A";"51260400085616206920559200000103081637719179";"920";"OOO-0G00";"27/04/2026";"27/04/2026 18:48";"27/04/2026 14:46";""
"24209591";"533270";"BUNGE ALIMENTOS S/A";"51260408895796002224550220000051191612233532";"5119";"OAR-9D58";"27/04/2026";"27/04/2026 18:10";"27/04/2026 14:43";""
"24209106";"541385";"BUNGE ALIMENTOS S/A";"51260410425282000556550010000509241553111380";"000";"NJU-6C20";"27/04/2026";"27/04/2026 18:10";"27/04/2026 14:01";""
"24209065";"541385";"BUNGE ALIMENTOS S/A";"51260410425282000556550010000509231525810558";"000";"JZZ-1197";"27/04/2026";"27/04/2026 18:10";"27/04/2026 13:55";""
"24209035";"541913";"BUNGE ALIMENTOS S/A";"51260400096027118920559200000022161428277315";"123";"ASY-9A88";"27/04/2026";"27/04/2026 17:14";"27/04/2026 13:51";""
"24209029";"541385";"BUNGE ALIMENTOS S/A";"51260410425282000556550010000509221563845242";"000";"AJS-8930";"27/04/2026";"27/04/2026 17:13";"27/04/2026 13:50";""
"24208780";"541131";"BUNGE ALIMENTOS S/A";"51260400019525303934559230000185961631076895";"18596";"NFE-9I68";"27/04/2026";"27/04/2026 18:48";"27/04/2026 13:17";""
"24208681";"541913";"BUNGE ALIMENTOS S/A";"51260400096027118920559200000022131576500002";"123";"ASY-9008";"27/04/2026";"27/04/2026 18:11";"27/04/2026 12:54";""
"24208582";"539448";"BUNGE ALIMENTOS S/A";"51260400005370959935559200000015921000068353";"1592";"SDW-5C39";"27/04/2026";"27/04/2026 17:11";"27/04/2026 12:32";""
"24208476";"534191";"BUNGE ALIMENTOS S/A";"51260413724386000126550030000044361425237094";"4436";"SUW-6E66";"27/04/2026";"27/04/2026 16:54";"27/04/2026 12:10";""
"24199728";"534191";"BUNGE ALIMENTOS S/A";"51260413724386000126550030000044311894874325";"4431";"EKU-9340";"24/04/2026";"24/04/2026 19:52";"24/04/2026 18:45";""
"24199677";"534191";"BUNGE ALIMENTOS S/A";"51260413724386000126550030000044291821397790";"4429";"QIZ-3D80";"24/04/2026";"24/04/2026 19:53";"24/04/2026 18:35";""
"24199557";"534191";"BUNGE ALIMENTOS S/A";"51260413724386000126550030000044281291004870";"4428";"RXR-3H57";"24/04/2026";"24/04/2026 19:51";"24/04/2026 18:17";""
"24199464";"534191";"BUNGE ALIMENTOS S/A";"51260413724386000126550030000044251975838054";"4425";"QHR-0400";"24/04/2026";"24/04/2026 19:51";"24/04/2026 18:04";""
"24199031";"536028";"BUNGE ALIMENTOS S/A";"51260400000054067146559210000042111135130067";"4211";"RLH-0A75";"24/04/2026";"24/04/2026 18:05";"24/04/2026 17:09";""
"24198722";"540820";"BUNGE ALIMENTOS S/A";"51260400020876467168559200000025841282604494";"584";"GHJ-2H03";"24/04/2026";"24/04/2026 18:10";"24/04/2026 16:37";""
"24198473";"541759";"BUNGE ALIMENTOS S/A";"51260400024580783034559200000089251000503918";"8925";"HMV-3I92";"24/04/2026";"24/04/2026 16:59";"24/04/2026 16:12";""
"24198459";"541759";"BUNGE ALIMENTOS S/A";"51260400024580783034559200000089241000503902";"8924";"SEQ-8B94";"24/04/2026";"24/04/2026 16:54";"24/04/2026 16:10";""
"24198446";"541759";"BUNGE ALIMENTOS S/A";"51260400024580783034559200000089221000503886";"8922";"ASZ-0G76";"24/04/2026";"24/04/2026 16:54";"24/04/2026 16:07";""
"24198432";"540820";"BUNGE ALIMENTOS S/A";"51260400020876467168559200000025831385050931";"583";"PRI-6668";"24/04/2026";"24/04/2026 17:55";"24/04/2026 16:05";""
"24198424";"541759";"BUNGE ALIMENTOS S/A";"51260400024580783034559200000089231000503891";"8923";"AMO-7I54";"24/04/2026";"24/04/2026 16:54";"24/04/2026 16:04";""
"24197588";"540633";"BUNGE ALIMENTOS S/A";"29260400052718786949559200000372291832874883";"37229";"SJM-6G43";"24/04/2026";"24/04/2026 18:32";"24/04/2026 14:42";""
"24197576";"541759";"BUNGE ALIMENTOS S/A";"51260400024580783034559200000089201000503725";"8920";"AHU-2I88";"24/04/2026";"24/04/2026 16:57";"24/04/2026 14:41";""
"24197516";"541759";"BUNGE ALIMENTOS S/A";"51260400024580783034559200000089191000503716";"8919";"QWE-1F28";"24/04/2026";"24/04/2026 16:02";"24/04/2026 14:35";""
"24197314";"541292";"BUNGE ALIMENTOS S/A";"29260400038406187034559250000447691131621865";"00000";"EFV-3J16";"24/04/2026";"24/04/2026 15:08";"24/04/2026 14:15";""
"24197213";"541292";"BUNGE ALIMENTOS S/A";"29260400038406187034559250000447681131621850";"0000";"IPR-4G54";"24/04/2026";"24/04/2026 15:08";"24/04/2026 14:00";""
"24197113";"541292";"BUNGE ALIMENTOS S/A";"29260400038406187034559250000447671131621844";"000";"LXV-8F53";"24/04/2026";"24/04/2026 18:32";"24/04/2026 13:49";""
"24197032";"541292";"BUNGE ALIMENTOS S/A";"29260400038406187034559250000447651131621823";"0000";"JVY-1F16";"24/04/2026";"24/04/2026 14:27";"24/04/2026 13:36";""
"24196875";"541759";"BUNGE ALIMENTOS S/A";"51260400024580783034559200000089181000503700";"8918";"BCC-8F65";"24/04/2026";"24/04/2026 16:02";"24/04/2026 13:10";""
"24196868";"541759";"BUNGE ALIMENTOS S/A";"51260400024580783034559200000089171000503690";"8917";"EGK-1685";"24/04/2026";"24/04/2026 15:52";"24/04/2026 13:09";""
"24196826";"539599";"BUNGE ALIMENTOS S/A";"51260400004295991104559210000003871289209940";"387";"QNC-7D75";"24/04/2026";"24/04/2026 15:19";"24/04/2026 12:59";""
"24196638";"541539";"BUNGE ALIMENTOS S/A";"29260452815131000473550020000009781000153470";"576";"PLK-9A50";"24/04/2026";"24/04/2026 16:13";"24/04/2026 12:14";""
"24195965";"539600";"BUNGE ALIMENTOS S/A";"51260400004295991104559210000003851230815432";"385";"JAV-3F00";"24/04/2026";"24/04/2026 16:35";"24/04/2026 11:06";""
"24195965";"539600";"BUNGE ALIMENTOS S/A";"51260400004295991104559210000003851230815432";"385";"JAV-3F00";"24/04/2026";"24/04/2026 16:35";"24/04/2026 11:06";""
"24195595";"541539";"BUNGE ALIMENTOS S/A";"29260452815131000473550020000009761000153395";"574";"FFW-1881";"24/04/2026";"24/04/2026 16:12";"24/04/2026 10:35";""
"24195595";"541539";"BUNGE ALIMENTOS S/A";"29260452815131000473550020000009761000153395";"574";"FFW-1881";"24/04/2026";"24/04/2026 16:12";"24/04/2026 10:35";""
"24195504";"534191";"BUNGE ALIMENTOS S/A";"51260413724386000126550030000044241810194250";"4424";"ATP-8A83";"24/04/2026";"24/04/2026 11:59";"24/04/2026 10:25";""
"24195469";"539600";"BUNGE ALIMENTOS S/A";"51260400004295991104559210000003841850959069";"384";"TCT-2G88";"24/04/2026";"24/04/2026 16:35";"24/04/2026 10:21";""
"24195295";"541539";"BUNGE ALIMENTOS S/A";"29260452815131000473550020000009771000153414";"573";"FHH-3F53";"24/04/2026";"24/04/2026 15:55";"24/04/2026 10:03";""
"24194856";"541759";"BUNGE ALIMENTOS S/A";"51260400024580783034559200000089121000503430";"8912";"ATD-7C57";"24/04/2026";"24/04/2026 11:38";"24/04/2026 09:16";""
"24194838";"541759";"BUNGE ALIMENTOS S/A";"51260400024580783034559200000089111000503424";"8911";"AWF-9908";"24/04/2026";"24/04/2026 11:38";"24/04/2026 09:14";""
"24194648";"541759";"BUNGE ALIMENTOS S/A";"51260400024580783034559200000089161000503498";"8916";"CCI-9702";"24/04/2026";"24/04/2026 11:38";"24/04/2026 08:33";""
"24193579";"534191";"BUNGE ALIMENTOS S/A";"51260413724386000126550030000044231647607744";"4423";"AWF-3J38";"23/04/2026";"23/04/2026 18:40";"23/04/2026 18:10";""
"24193510";"534191";"BUNGE ALIMENTOS S/A";"51260413724386000126550030000044221828110801";"4422";"STG-1G99";"23/04/2026";"23/04/2026 18:40";"23/04/2026 18:02";""
"24193458";"541759";"BUNGE ALIMENTOS S/A";"51260400024580783034559200000089151000503466";"8915";"SEG-4G77";"23/04/2026";"23/04/2026 19:33";"23/04/2026 17:57";""
"24193445";"534191";"BUNGE ALIMENTOS S/A";"51260413724386000126550030000044211922492499";"4421";"EFD-8E07";"23/04/2026";"23/04/2026 18:30";"23/04/2026 17:55";""
"24193422";"541759";"BUNGE ALIMENTOS S/A";"51260400024580783034559200000089141000503450";"8914";"TBG-5B44";"23/04/2026";"23/04/2026 19:33";"23/04/2026 17:52";""
"24193409";"541759";"BUNGE ALIMENTOS S/A";"51260400024580783034559200000089131000503445";"8913";"AVH-5E48";"23/04/2026";"23/04/2026 19:39";"23/04/2026 17:49";""
"24193389";"541759";"BUNGE ALIMENTOS S/A";"51260400024580783034559200000089101000503419";"8910";"ILG-9C79";"23/04/2026";"23/04/2026 19:39";"23/04/2026 17:47";""
"24192985";"539448";"BUNGE ALIMENTOS S/A";"51260400005370959935559200000015691000067847";"1569";"FTP-3G62";"23/04/2026";"23/04/2026 18:29";"23/04/2026 17:07";""
"24192964";"539448";"BUNGE ALIMENTOS S/A";"51260400005370959935559200000015671000067826";"1567";"RHD-8C66";"23/04/2026";"23/04/2026 18:29";"23/04/2026 17:05";""
"24192931";"539448";"BUNGE ALIMENTOS S/A";"51260400005370959935559200000015681000067831";"1568";"AMJ-0C63";"23/04/2026";"23/04/2026 18:30";"23/04/2026 17:02";""
"24191203";"539599";"BUNGE ALIMENTOS S/A";"51260400004295991104559210000003781869643850";"378";"QWE-3F96";"23/04/2026";"24/04/2026 15:31";"23/04/2026 14:38";""
"24191028";"539599";"BUNGE ALIMENTOS S/A";"51260400004295991104559210000003811045742921";"377";"TCO-8I68";"23/04/2026";"24/04/2026 15:24";"23/04/2026 14:17";""
"24190972";"534191";"BUNGE ALIMENTOS S/A";"51260413724386000126550030000044191764159834";"4419";"ATQ-9B04";"23/04/2026";"23/04/2026 18:06";"23/04/2026 14:12";""
"24190808";"539600";"BUNGE ALIMENTOS S/A";"51260400004295991104559210000003801272264420";"376";"QXZ-9I17";"23/04/2026";"24/04/2026 11:54";"23/04/2026 14:05";""
"24190145";"541861";"BUNGE ALIMENTOS S/A";"51260400004295991104559210000003791912673724";"375";"FPA-5J91";"23/04/2026";"24/04/2026 11:49";"23/04/2026 12:03";""
"24189981";"534191";"BUNGE ALIMENTOS S/A";"51260413724386000126550030000044171296874802";"4417";"AZA-1A50";"23/04/2026";"23/04/2026 12:25";"23/04/2026 11:39";""
"24189933";"534191";"BUNGE ALIMENTOS S/A";"51260413724386000126550030000044181381729762";"4418";"NVW-5663";"23/04/2026";"23/04/2026 12:30";"23/04/2026 11:33";""
"24188262";"534262";"BUNGE ALIMENTOS S/A";"51260408895796003204550320000237891037615382";"23789";"NKF-9J37";"23/04/2026";"23/04/2026 11:44";"23/04/2026 10:11";""
"24187778";"534191";"BUNGE ALIMENTOS S/A";"51260413724386000126550030000044161794088372";"4416";"SEC-9D31";"23/04/2026";"23/04/2026 10:40";"23/04/2026 09:30";""
"24133285";"540269";"BUNGE ALIMENTOS S/A";"51260400021796238015559210000103321449213429";"10332";"UBJ-8G28";"14/04/2026";"14/04/2026 15:31";"14/04/2026 13:50";""
"24131914";"534388";"BUNGE ALIMENTOS S/A";"51260400016346483900559300000041691573992246";"4169";"PTV-5C60";"14/04/2026";"14/04/2026 15:19";"14/04/2026 11:05";""
"24131060";"540269";"BUNGE ALIMENTOS S/A";"51260400021796238015559210000103211449213310";"10321";"SPH-9C18";"14/04/2026";"14/04/2026 12:14";"14/04/2026 09:56";""
"24128144";"536380";"BUNGE ALIMENTOS S/A";"51260400021982830697559200000207001143444351";"20700";"RDT-8D66";"13/04/2026";"14/04/2026 12:10";"13/04/2026 17:26";""
"24127383";"536380";"BUNGE ALIMENTOS S/A";"51260400021982830697559200000206951461037294";"20695";"SPP-8I81";"13/04/2026";"14/04/2026 12:10";"13/04/2026 16:20";""
"24127209";"536380";"BUNGE ALIMENTOS S/A";"51260400021982830697559200000206941662990447";"20694";"BEG-2F41";"13/04/2026";"14/04/2026 12:09";"13/04/2026 16:05";""
"24127201";"534191";"BUNGE ALIMENTOS S/A";"51260413724386000126550030000043931459166433";"4393";"TAZ-4I59";"13/04/2026";"14/04/2026 12:09";"13/04/2026 16:04";""
"24127140";"536380";"BUNGE ALIMENTOS S/A";"51260400021982830697559200000206931375442270";"20693";"TAZ-3F91";"13/04/2026";"14/04/2026 12:09";"13/04/2026 15:58";""
"24127116";"534191";"BUNGE ALIMENTOS S/A";"51260413724386000126550030000043921325312837";"4392";"SFC-7E24";"13/04/2026";"14/04/2026 12:08";"13/04/2026 15:55";""
"24126867";"536380";"BUNGE ALIMENTOS S/A";"51260400021982830697559200000206921491366251";"20692";"QCD-4F33";"13/04/2026";"14/04/2026 12:08";"13/04/2026 15:40";""
"24126659";"536380";"BUNGE ALIMENTOS S/A";"51260400021982830697559200000206901301134635";"20690";"RXP-0H08";"13/04/2026";"14/04/2026 12:07";"13/04/2026 15:21";""
"24126499";"534191";"BUNGE ALIMENTOS S/A";"51260413724386000126550030000043891218780440";"4389";"RHR-7J94";"13/04/2026";"14/04/2026 12:14";"13/04/2026 15:08";""
"24126499";"534191";"BUNGE ALIMENTOS S/A";"51260413724386000126550030000043891218780440";"4389";"RHR-7J94";"13/04/2026";"14/04/2026 12:14";"13/04/2026 15:08";""
"24126384";"534191";"BUNGE ALIMENTOS S/A";"51260413724386000126550030000043881999579177";"4388";"STF-3H31";"13/04/2026";"14/04/2026 12:06";"13/04/2026 15:00";""
"24125598";"536380";"BUNGE ALIMENTOS S/A";"51260400021982830697559200000206881333413337";"20688";"RHV-4A77";"13/04/2026";"14/04/2026 12:07";"13/04/2026 14:33";""
"24125029";"536380";"BUNGE ALIMENTOS S/A";"51260400021982830697559200000206841600257421";"20684";"AZG-3A99";"13/04/2026";"14/04/2026 12:06";"13/04/2026 14:12";""
"24123867";"536559";"BUNGE ALIMENTOS S/A";"51260400021982830697559200000206791786651630";"20679";"FCI-7D71";"13/04/2026";"14/04/2026 12:06";"13/04/2026 11:24";""
"24123501";"536380";"BUNGE ALIMENTOS S/A";"51260400021982830697559200000206781370138445";"20678";"RHH-5F54";"13/04/2026";"14/04/2026 12:05";"13/04/2026 10:55";""
"24123408";"536380";"BUNGE ALIMENTOS S/A";"51260400021982830697559200000206761946456331";"20676";"SEE-8E15";"13/04/2026";"14/04/2026 12:04";"13/04/2026 10:46";""
"24123278";"536380";"BUNGE ALIMENTOS S/A";"51260400021982830697559200000206741169282918";"20674";"RHZ-5H62";"13/04/2026";"14/04/2026 12:04";"13/04/2026 10:33";""
"24123107";"536380";"BUNGE ALIMENTOS S/A";"51260400021982830697559200000206731340856505";"20673";"SEE-8E30";"13/04/2026";"14/04/2026 12:05";"13/04/2026 10:13";""
"24122924";"536380";"BUNGE ALIMENTOS S/A";"51260400021982830697559200000206701481686450";"20670";"AFT-8111";"13/04/2026";"14/04/2026 12:24";"13/04/2026 09:47";""
"24122824";"540082";"BUNGE ALIMENTOS S/A";"51260413724386000126550030000043851185638617";"4385";"FSI-5B72";"13/04/2026";"14/04/2026 12:04";"13/04/2026 09:32";""
"24122808";"540082";"BUNGE ALIMENTOS S/A";"51260413724386000126550030000043841384001093";"4384";"QSP-3D02";"13/04/2026";"14/04/2026 12:02";"13/04/2026 09:27";""
"24121531";"540269";"BUNGE ALIMENTOS S/A";"51260400021796238015559210000103021449213128";"10302";"SDV-9D08";"12/04/2026";"14/04/2026 12:03";"12/04/2026 15:25";""
"24121023";"540269";"BUNGE ALIMENTOS S/A";"51260400021796238015559210000102981449213085";"10298";"RHM-1A06";"12/04/2026";"14/04/2026 12:14";"12/04/2026 11:42";""
"24120958";"540269";"BUNGE ALIMENTOS S/A";"51260400021796238015559210000102971449213070";"10297";"FVA-7C41";"12/04/2026";"14/04/2026 12:03";"12/04/2026 11:19";""
"24120918";"540269";"BUNGE ALIMENTOS S/A";"51260400021796238015559210000102961449213064";"10296";"NUG-2J50";"12/04/2026";"14/04/2026 12:13";"12/04/2026 11:07";""
"24120798";"540269";"BUNGE ALIMENTOS S/A";"51260400021796238015559210000102951449213059";"10295";"SFH-4A07";"12/04/2026";"14/04/2026 12:02";"12/04/2026 10:38";""
"24120775";"540269";"BUNGE ALIMENTOS S/A";"51260400021796238015559210000102941449213043";"10294";"RHM-1A08";"12/04/2026";"14/04/2026 12:01";"12/04/2026 10:31";""
"24119419";"531812";"BUNGE ALIMENTOS S/A";"51260417852875000114550010000431761452486360";"000043176";"UAA-2C35";"11/04/2026";"14/04/2026 12:01";"11/04/2026 16:57";""
"24119255";"531812";"BUNGE ALIMENTOS S/A";"51260417852875000114550010000431731931376570";"000043173";"BEJ-5A27";"11/04/2026";"14/04/2026 12:01";"11/04/2026 16:25";""
"24119242";"540269";"BUNGE ALIMENTOS S/A";"51260400021796238015559210000102901449213001";"10290";"FRR-4197";"11/04/2026";"14/04/2026 12:00";"11/04/2026 16:23";""
"24119073";"539582";"BUNGE ALIMENTOS S/A";"51260417852875000114550010000431691729207302";"000043169";"PYG-3G61";"11/04/2026";"14/04/2026 12:00";"11/04/2026 15:47";""
"24118994";"540269";"BUNGE ALIMENTOS S/A";"51260400021796238015559210000102881449212988";"10288";"AWF-9191";"11/04/2026";"14/04/2026 11:58";"11/04/2026 15:33";""
"24118710";"540269";"BUNGE ALIMENTOS S/A";"51260400021796238015559210000102851449212951";"10285";"TJW-2J79";"11/04/2026";"14/04/2026 11:59";"11/04/2026 14:37";""
"24118687";"540269";"BUNGE ALIMENTOS S/A";"51260400021796238015559210000102841449212946";"10284";"ASE-5I45";"11/04/2026";"14/04/2026 12:13";"11/04/2026 14:33";""
"24118675";"540269";"BUNGE ALIMENTOS S/A";"51260400021796238015559210000102831449212930";"10283";"AYF-7H79";"11/04/2026";"14/04/2026 11:57";"11/04/2026 14:31";""
"24117910";"540254";"BUNGE ALIMENTOS S/A";"51260400001989225900559200000086461094710411";"649";"RAO-6J66";"11/04/2026";"14/04/2026 11:54";"11/04/2026 11:38";""
"24117849";"540254";"BUNGE ALIMENTOS S/A";"51260400001989225900559200000086451617610770";"645";"RRL-8I86";"11/04/2026";"14/04/2026 11:54";"11/04/2026 11:30";""
"24116636";"539582";"BUNGE ALIMENTOS S/A";"51260417852875000114550010000431661211028898";"000043166";"BDT-6F55";"11/04/2026";"14/04/2026 11:57";"11/04/2026 08:56";""
"24116602";"539582";"BUNGE ALIMENTOS S/A";"51260417852875000114550010000431651771647502";"000043165";"FZQ-5D31";"11/04/2026";"14/04/2026 11:56";"11/04/2026 08:48";""
"24116413";"534388";"BUNGE ALIMENTOS S/A";"51260400016346483900559300000041671680110480";"4167";"BBR-8747";"11/04/2026";"14/04/2026 11:55";"11/04/2026 07:28";""
"24115818";"540057";"BUNGE ALIMENTOS S/A";"51260400032539142087559250000009621001217498";"0962";"SPO-2A75";"10/04/2026";"14/04/2026 11:55";"10/04/2026 19:48";""
"24115724";"536380";"BUNGE ALIMENTOS S/A";"51260400021982830697559200000206681823814220";"20668";"BDH-6I63";"10/04/2026";"14/04/2026 12:12";"10/04/2026 19:23";""
"24115433";"536383";"BUNGE ALIMENTOS S/A";"51260400021982830697559200000206641197626549";"20663";"RHH-9B42";"10/04/2026";"14/04/2026 12:13";"10/04/2026 18:25";""
"24115361";"536380";"BUNGE ALIMENTOS S/A";"51260400021982830697559200000206631250945014";"20663";"SFA-4I50";"10/04/2026";"14/04/2026 11:54";"10/04/2026 18:16";""
"24115342";"531812";"BUNGE ALIMENTOS S/A";"51260417852875000114550010000431641000377685";"000043164";"QNP-8D03";"10/04/2026";"14/04/2026 11:55";"10/04/2026 18:12";""
"24115329";"536380";"BUNGE ALIMENTOS S/A";"51260400021982830697559200000206621113859640";"20662";"BEQ-2H31";"10/04/2026";"14/04/2026 11:55";"10/04/2026 18:10";""
"24115210";"536383";"BUNGE ALIMENTOS S/A";"51260400021982830697559200000206611914812601";"20661";"RHZ-1J50";"10/04/2026";"14/04/2026 11:54";"10/04/2026 17:54";""
"24115183";"531812";"BUNGE ALIMENTOS S/A";"51260417852875000114550010000431621669608461";"000043162";"QWE-3F96";"10/04/2026";"14/04/2026 11:52";"10/04/2026 17:50";""
"24115150";"531812";"BUNGE ALIMENTOS S/A";"51260417852875000114550010000431631054876623";"000043163";"RAO-9A60";"10/04/2026";"14/04/2026 11:52";"10/04/2026 17:46";""
"24115101";"536380";"BUNGE ALIMENTOS S/A";"51260400021982830697559200000206601567141006";"20660";"RHY-0E57";"10/04/2026";"14/04/2026 11:52";"10/04/2026 17:40";""
"24115082";"539582";"BUNGE ALIMENTOS S/A";"51260417852875000114550010000431611980767188";"000043161";"PRU-6H56";"10/04/2026";"14/04/2026 12:12";"10/04/2026 17:39";""
"24115049";"531812";"BUNGE ALIMENTOS S/A";"51260417852875000114550010000431601212477536";"000043160";"SDM-4I21";"10/04/2026";"14/04/2026 12:11";"10/04/2026 17:34";""
"24107472";"531812";"BUNGE ALIMENTOS S/A";"51260417852875000114550010000431571051099335";"000043157";"SBY-1D33";"09/04/2026";"14/04/2026 11:50";"09/04/2026 16:53";""
"24107361";"531812";"BUNGE ALIMENTOS S/A";"51260417852875000114550010000431521403256575";"000043152";"TXL-9E64";"09/04/2026";"14/04/2026 12:10";"09/04/2026 16:42";""
"24107243";"531812";"BUNGE ALIMENTOS S/A";"51260417852875000114550010000431541727126264";"000043154";"QXZ-5A78";"09/04/2026";"14/04/2026 11:50";"09/04/2026 16:31";""
"24107194";"531812";"BUNGE ALIMENTOS S/A";"51260417852875000114550010000431551893087645";"000043155";"RFB-1E58";"09/04/2026";"14/04/2026 11:51";"09/04/2026 16:27";""
"24085707";"538795";"BUNGE ALIMENTOS S/A";"41260476093731009309550010000123321302717828";"12332";"SER-0E52";"06/04/2026";"06/04/2026 17:45";"06/04/2026 17:09";""
"24084920";"538795";"BUNGE ALIMENTOS S/A";"41260476093731009309550010000123291738653546";"12329";"SEK-6A84";"06/04/2026";"06/04/2026 17:01";"06/04/2026 15:55";""
"24084562";"538181";"BUNGE ALIMENTOS S/A";"41260408660760000137550020000075001913031904";"7500";"RCV-3B55";"06/04/2026";"06/04/2026 17:00";"06/04/2026 15:23";""
"24084206";"538795";"BUNGE ALIMENTOS S/A";"41260476093731009309550010000123261861367171";"12326";"AOP-1C01";"06/04/2026";"06/04/2026 16:12";"06/04/2026 14:48";""
"24083048";"538763";"BUNGE ALIMENTOS S/A";"31260418104802000107550010003600671651842134";"00";"AHK-6H89";"06/04/2026";"06/04/2026 14:17";"06/04/2026 11:47";""
"24082973";"538795";"BUNGE ALIMENTOS S/A";"41260476093731009309550010000123251984534028";"12325";"MKW-3I26";"06/04/2026";"06/04/2026 11:59";"06/04/2026 11:37";""
"24082718";"538795";"BUNGE ALIMENTOS S/A";"41260476093731009309550010000123221239928352";"12322";"IWO-8I83";"06/04/2026";"06/04/2026 11:43";"06/04/2026 11:08";""
"24082677";"538795";"BUNGE ALIMENTOS S/A";"41260476093731009309550010000123211347180668";"12321";"MLP-4I39";"06/04/2026";"06/04/2026 11:42";"06/04/2026 11:04";""
"24082628";"538357";"BUNGE ALIMENTOS S/A";"41260479114450022134550010000659841594303210";"65984";"AAC-5690";"06/04/2026";"06/04/2026 11:43";"06/04/2026 10:57";""
"24082291";"538357";"BUNGE ALIMENTOS S/A";"41260479114450022134550010000659761120503216";"65976";"ATF-3B81";"06/04/2026";"06/04/2026 10:50";"06/04/2026 10:11";""
"24081963";"538795";"BUNGE ALIMENTOS S/A";"41260476093731009309550010000123171592923373";"12317";"JVH-4G97";"06/04/2026";"06/04/2026 10:04";"06/04/2026 09:09";""
"24081935";"538795";"BUNGE ALIMENTOS S/A";"41260476093731009309550010000123161869202353";"12316";"ASF-2D84";"06/04/2026";"06/04/2026 10:11";"06/04/2026 09:02";""
"24081902";"538380";"BUNGE ALIMENTOS S/A";"29260400044305400987559200000460521328518651";"46052";"RPB-1F95";"06/04/2026";"06/04/2026 11:05";"06/04/2026 08:45";""
"24080231";"538948";"BUNGE ALIMENTOS S/A";"29260400038406187034559250000432041131605111";"43204";"OUH-6027";"05/04/2026";"06/04/2026 10:49";"05/04/2026 15:18";""
"24080227";"537723";"BUNGE ALIMENTOS S/A";"29260400052718786949559200000364691472408535";"36469";"RPZ-2I96";"05/04/2026";"06/04/2026 10:48";"05/04/2026 15:15";""
"24080215";"537723";"BUNGE ALIMENTOS S/A";"29260400052718786949559200000364681324681163";"36468";"RWK-6H76";"05/04/2026";"06/04/2026 10:49";"05/04/2026 15:05";""
"24080173";"537723";"BUNGE ALIMENTOS S/A";"29260400052718786949559200000364701544747544";"36470";"BAP-2G82";"05/04/2026";"06/04/2026 10:48";"05/04/2026 14:40";""
"24080172";"538948";"BUNGE ALIMENTOS S/A";"29260400038406187034559250000431991131605063";"43199";"ATB-8A09";"05/04/2026";"06/04/2026 10:47";"05/04/2026 14:39";""
"24080142";"537723";"BUNGE ALIMENTOS S/A";"29260400052718786949559200000364671014443712";"36467";"OUN-1G69";"05/04/2026";"06/04/2026 10:48";"05/04/2026 14:18";""
"24080127";"538948";"BUNGE ALIMENTOS S/A";"29260400038406187034559250000431941131605016";"0000";"EFV-3J16";"05/04/2026";"06/04/2026 10:47";"05/04/2026 14:11";""
"24080126";"538380";"BUNGE ALIMENTOS S/A";"29260400044305400987559200000460351866032327";"46035";"RPZ-9H75";"05/04/2026";"06/04/2026 10:48";"05/04/2026 14:11";""
"24080098";"538948";"BUNGE ALIMENTOS S/A";"29260400038406187034559250000431921131604996";"0000";"JMD-1I53";"05/04/2026";"06/04/2026 10:47";"05/04/2026 13:53";""
"24080077";"537723";"BUNGE ALIMENTOS S/A";"29260400052718786949559200000364661288084089";"36466";"RPY-3F29";"05/04/2026";"06/04/2026 10:46";"05/04/2026 13:45";""
"24080048";"538380";"BUNGE ALIMENTOS S/A";"29260400044305400987559200000460321801372083";"46032";"AVR-6A36";"05/04/2026";"06/04/2026 10:46";"05/04/2026 13:23";""
"24080039";"537723";"BUNGE ALIMENTOS S/A";"29260400052718786949559200000364641336268364";"36464";"RPZ-3E57";"05/04/2026";"06/04/2026 10:46";"05/04/2026 13:19";""
"24080024";"537723";"BUNGE ALIMENTOS S/A";"29260400052718786949559200000364631681204360";"36463";"PLH-3249";"05/04/2026";"06/04/2026 10:45";"05/04/2026 13:10";""
"24080009";"537723";"BUNGE ALIMENTOS S/A";"29260400052718786949559200000364621076412423";"36462";"RPR-6C85";"05/04/2026";"06/04/2026 10:46";"05/04/2026 12:56";""
"24079909";"538380";"BUNGE ALIMENTOS S/A";"29260400044305400987559200000460271331346472";"46027";"NZF-0638";"05/04/2026";"06/04/2026 10:46";"05/04/2026 11:42";""
"24079730";"537723";"BUNGE ALIMENTOS S/A";"29260400052718786949559200000364581611573447";"39458";"AAN-0G56";"05/04/2026";"06/04/2026 10:45";"05/04/2026 10:26";""
"24078598";"538064";"BUNGE ALIMENTOS S/A";"29260400005447017807559200000514291267714246";"51429";"SJW-3H53";"04/04/2026";"06/04/2026 10:50";"04/04/2026 15:58";""
"24078597";"537723";"BUNGE ALIMENTOS S/A";"29260400052718786949559200000364571155321838";"36457";"SWQ-2C42";"04/04/2026";"06/04/2026 10:45";"04/04/2026 15:58";""
"24078571";"537723";"BUNGE ALIMENTOS S/A";"29260400052718786949559200000364561160846687";"36456";"JAT-9G35";"04/04/2026";"06/04/2026 10:44";"04/04/2026 15:48";""
"24078521";"537723";"BUNGE ALIMENTOS S/A";"29260400052718786949559200000364551066121782";"36455";"BEW-2D15";"04/04/2026";"06/04/2026 10:44";"04/04/2026 15:30";""
"24078481";"538380";"BUNGE ALIMENTOS S/A";"29260400044305400987559200000459981083318683";"45998";"JCL-2E13";"04/04/2026";"06/04/2026 10:44";"04/04/2026 15:17";""
"24078433";"537723";"BUNGE ALIMENTOS S/A";"29260400052718786949559200000364541538085450";"36454";"PJW-0650";"04/04/2026";"06/04/2026 10:44";"04/04/2026 15:03";""
"24078385";"538064";"BUNGE ALIMENTOS S/A";"29260400005447017807559200000514241035467111";"51424";"QJH-0I80";"04/04/2026";"06/04/2026 10:44";"04/04/2026 14:49";""
"24078343";"538064";"BUNGE ALIMENTOS S/A";"29260400005447017807559200000514231507543803";"51423";"PKS-8H21";"04/04/2026";"06/04/2026 10:45";"04/04/2026 14:40";""
"24078340";"537723";"BUNGE ALIMENTOS S/A";"29260400052718786949559200000364521767830079";"36452";"RDM-9G08";"04/04/2026";"06/04/2026 10:45";"04/04/2026 14:38";""
"24078299";"537723";"BUNGE ALIMENTOS S/A";"29260400052718786949559200000364501251357103";"36450";"PLE-7H51";"04/04/2026";"06/04/2026 10:43";"04/04/2026 14:24";""
"24078284";"538380";"BUNGE ALIMENTOS S/A";"29260400044305400987559200000459941048015816";"45994";"SJS-9E89";"04/04/2026";"06/04/2026 10:43";"04/04/2026 14:20";""
"24078112";"538380";"BUNGE ALIMENTOS S/A";"29260400044305400987559200000459921844387301";"45992";"SDV-8G02";"04/04/2026";"06/04/2026 10:42";"04/04/2026 13:31";""
"24078048";"538064";"BUNGE ALIMENTOS S/A";"29260400005447017807559200000514131086623737";"51413";"GIJ-4C27";"04/04/2026";"06/04/2026 10:43";"04/04/2026 13:05";""
"24077936";"538064";"BUNGE ALIMENTOS S/A";"29260400005447017807559200000514191034287608";"51419";"FPK-2J84";"04/04/2026";"06/04/2026 10:43";"04/04/2026 12:17";""
"24077904";"538064";"BUNGE ALIMENTOS S/A";"29260400005447017807559200000514161744371521";"51416";"PLT-8C31";"04/04/2026";"06/04/2026 10:43";"04/04/2026 12:08";""
"24077871";"538064";"BUNGE ALIMENTOS S/A";"29260400005447017807559200000514201701302040";"51420";"OEL-4J65";"04/04/2026";"06/04/2026 10:49";"04/04/2026 11:57";""
"24077867";"538948";"BUNGE ALIMENTOS S/A";"29260400038406187034559250000430931131603983";"0000";"NZP-5C26";"04/04/2026";"04/04/2026 12:22";"04/04/2026 11:56";""
"24077799";"538380";"BUNGE ALIMENTOS S/A";"29260400044305400987559200000459871126228636";"45987";"THA-8H77";"04/04/2026";"06/04/2026 10:43";"04/04/2026 11:34";""
"24077790";"537974";"BUNGE ALIMENTOS S/A";"22260400092375952049559200000008511307910618";"0000";"ADN-7258";"04/04/2026";"04/04/2026 12:11";"04/04/2026 11:32";""
"24077760";"538948";"BUNGE ALIMENTOS S/A";"29260400038406187034559250000430911131603962";"0000";"THH-6D00";"04/04/2026";"06/04/2026 10:10";"04/04/2026 11:21";""
"24077714";"537723";"BUNGE ALIMENTOS S/A";"29260400052718786949559200000364511715640174";"36451";"RCP-8D19";"04/04/2026";"04/04/2026 12:22";"04/04/2026 11:11";""
"24077613";"537723";"BUNGE ALIMENTOS S/A";"29260400052718786949559200000364491106807089";"36449";"OKO-0540";"04/04/2026";"04/04/2026 12:22";"04/04/2026 10:56";""
"24077506";"538380";"BUNGE ALIMENTOS S/A";"29260400044305400987559200000459781613714154";"45978";"SKI-3B70";"04/04/2026";"04/04/2026 12:22";"04/04/2026 10:40";""
"24077436";"538147";"BUNGE ALIMENTOS S/A";"29260400040160120968559204000150101185924500";"015010";"RPN-1J15";"04/04/2026";"06/04/2026 10:42";"04/04/2026 10:21";""
"24077365";"538380";"BUNGE ALIMENTOS S/A";"29260400044305400987559200000459741613042815";"45974";"RDG-6G28";"04/04/2026";"04/04/2026 12:22";"04/04/2026 10:03";""
"24077363";"538064";"BUNGE ALIMENTOS S/A";"29260400005447017807559200000514091643841641";"51409";"RXP-0E28";"04/04/2026";"04/04/2026 11:12";"04/04/2026 10:02";""
"24077340";"538380";"BUNGE ALIMENTOS S/A";"29260400044305400987559200000459731844888240";"45973";"RPF-4J85";"04/04/2026";"04/04/2026 11:17";"04/04/2026 09:54";""
"24077298";"538064";"BUNGE ALIMENTOS S/A";"29260400005447017807559200000514081052424413";"51408";"RPS-7H51";"04/04/2026";"04/04/2026 11:17";"04/04/2026 09:42";""
"24077289";"537723";"BUNGE ALIMENTOS S/A";"29260400052718786949559200000364481365235319";"36448";"QWE-3G03";"04/04/2026";"06/04/2026 10:11";"04/04/2026 09:40";""
"24077278";"538064";"BUNGE ALIMENTOS S/A";"29260400005447017807559200000514061340422470";"51406";"RCU-9A00";"04/04/2026";"06/04/2026 10:11";"04/04/2026 09:36";""
"24077257";"537192";"BUNGE ALIMENTOS S/A";"22260400091491827572559200000059201022822392";"00";"DVS-5H72";"04/04/2026";"04/04/2026 11:23";"04/04/2026 09:29";""
"24077169";"538380";"BUNGE ALIMENTOS S/A";"29260400044305400987559200000459691143118888";"45969";"TGZ-6B82";"04/04/2026";"06/04/2026 10:10";"04/04/2026 09:09";""
"24076071";"537723";"BUNGE ALIMENTOS S/A";"29260400052718786949559200000364381512636782";"36438";"RSN-8J11";"03/04/2026";"03/04/2026 12:00";"03/04/2026 11:32";""
"24076047";"537723";"BUNGE ALIMENTOS S/A";"29260400052718786949559200000364371017462824";"36437";"RPU-0G03";"03/04/2026";"03/04/2026 11:37";"03/04/2026 11:15";""
"24076019";"538064";"BUNGE ALIMENTOS S/A";"29260400005447017807559200000513761006666803";"51376";"RPU-3G21";"03/04/2026";"03/04/2026 12:39";"03/04/2026 11:07";""
"24076007";"538064";"BUNGE ALIMENTOS S/A";"29260400005447017807559200000513731883506362";"51373";"OUV-9C81";"03/04/2026";"03/04/2026 12:00";"03/04/2026 11:02";""
"24075993";"538064";"BUNGE ALIMENTOS S/A";"29260400005447017807559200000513741532844033";"51374";"RPX-1C48";"03/04/2026";"03/04/2026 12:06";"03/04/2026 10:57";""
"24075985";"538064";"BUNGE ALIMENTOS S/A";"29260400005447017807559200000513711021407868";"51371";"RDE-4C73";"03/04/2026";"03/04/2026 11:49";"03/04/2026 10:54";""
"24075969";"538950";"BUNGE ALIMENTOS S/A";"22260400050310550068559200000003061000072418";"0306";"KIP-3559";"03/04/2026";"03/04/2026 12:44";"03/04/2026 10:48";""
"24075836";"538064";"BUNGE ALIMENTOS S/A";"29260400005447017807559200000513671304207620";"51367";"SKM-4I14";"03/04/2026";"03/04/2026 12:00";"03/04/2026 09:59";""
"24075790";"538064";"BUNGE ALIMENTOS S/A";"29260400005447017807559200000513651216432236";"51365";"QWB-9I49";"03/04/2026";"03/04/2026 12:06";"03/04/2026 09:40";""
"24075789";"537723";"BUNGE ALIMENTOS S/A";"29260400052718786949559200000364361605105324";"36436";"AFR-1358";"03/04/2026";"03/04/2026 10:53";"03/04/2026 09:39";""
"24075768";"538064";"BUNGE ALIMENTOS S/A";"29260400005447017807559200000513641420845880";"51364";"QMA-6D34";"03/04/2026";"03/04/2026 10:58";"03/04/2026 09:24";""
"24075762";"538064";"BUNGE ALIMENTOS S/A";"29260400005447017807559200000513631784171676";"51363";"PLT-1B01";"03/04/2026";"03/04/2026 10:58";"03/04/2026 09:18";""
"24075717";"538064";"BUNGE ALIMENTOS S/A";"29260400005447017807559200000513621413348538";"51362";"PLW-0A60";"03/04/2026";"03/04/2026 10:53";"03/04/2026 08:47";""
"24073229";"533758";"BUNGE ALIMENTOS S/A";"29260400064699404049559340000002431010819728";"000";"EXO-2A16";"02/04/2026";"02/04/2026 16:59";"02/04/2026 16:14";""
"24073073";"538532";"BUNGE ALIMENTOS S/A";"29260400021995508004559200000319421297252126";"31942";"PLD-0E40";"02/04/2026";"02/04/2026 16:48";"02/04/2026 15:55";""
"24072969";"538064";"BUNGE ALIMENTOS S/A";"29260400005447017807559200000513451613425675";"51345";"SCA-6E40";"02/04/2026";"02/04/2026 16:41";"02/04/2026 15:43";""
"24072940";"538948";"BUNGE ALIMENTOS S/A";"29260400038406187034559250000429691131602749";"0000";"JMD-1I53";"02/04/2026";"02/04/2026 16:36";"02/04/2026 15:40";""
"24072914";"538064";"BUNGE ALIMENTOS S/A";"29260400005447017807559200000513461003205326";"51346";"SKJ-6H24";"02/04/2026";"02/04/2026 16:48";"02/04/2026 15:36";""
"24072795";"538380";"BUNGE ALIMENTOS S/A";"29260400044305400987559200000459291477240759";"45929";"PLB-0A42";"02/04/2026";"02/04/2026 17:09";"02/04/2026 15:27";""
"24072783";"538064";"BUNGE ALIMENTOS S/A";"29260400005447017807559200000513441516713532";"51344";"QTU-7D18";"02/04/2026";"02/04/2026 16:36";"02/04/2026 15:25";""
"24072624";"538380";"BUNGE ALIMENTOS S/A";"29260400044305400987559200000459261037130228";"45926";"RPL-7C67";"02/04/2026";"02/04/2026 17:09";"02/04/2026 15:11";""
"24072418";"538064";"BUNGE ALIMENTOS S/A";"29260400005447017807559200000513431203371465";"51343";"SKR-6D32";"02/04/2026";"02/04/2026 16:18";"02/04/2026 14:56";""
"24072336";"537049";"BUNGE ALIMENTOS S/A";"29260400021995508004559200000319351556100900";"031935";"SFY-3J23";"02/04/2026";"02/04/2026 16:24";"02/04/2026 14:47";""
"24072328";"533758";"BUNGE ALIMENTOS S/A";"29260400064699404049559340000002421926109180";"00";"RPO-4D81";"02/04/2026";"02/04/2026 16:13";"02/04/2026 14:47";""