id;os;status;data;laudo;cliente;placa;peso_liquido;chave_nfe;numero_nf;ocorrencias_os
"24215761";"541629";"Finalizado";"28/04/2026";"MOB-40286262954111554055041172";"BUNGE ALIMENTOS S/A";"MBL-0A14";"37980";"41260479114450018960550010001598631401302895";"000159863";"6"
"24215576";"541629";"Finalizado";"28/04/2026";"MOB-15286262954111421542041172";"BUNGE ALIMENTOS S/A";"KEP-9D63";"37780";"41260479114450018960550010001598591381002899";"000159859";"6"
"24215508";"541629";"Finalizado";"28/04/2026";"MOB-57286262954111345734041170";"BUNGE ALIMENTOS S/A";"ASO-8J86";"38170";"41260479114450018960550010001598581594302892";"000159858";"6"
"24215416";"542118";"Finalizado";"28/04/2026";"MOB-59286211854211265926041175";"BUNGE ALIMENTOS S/A";"MIP-3B40";"37000";"41260479114450022134550010000667981305203210";"066798";"6"
"24215369";"542118";"Finalizado";"28/04/2026";"MOB-44286211854211214421041170";"BUNGE ALIMENTOS S/A";"AII-9A13";"39820";"41260479114450022134550010000667891951203210";"066789";"6"
"24215269";"542118";"Finalizado";"28/04/2026";"MOB-37286211854211133713041174";"BUNGE ALIMENTOS S/A";"AQT-0F20";"38200";"41260479114450022134550010000667881853003210";"066788";"6"
"24215149";"542118";"Finalizado";"28/04/2026";"MOB-39286211854211023902041177";"BUNGE ALIMENTOS S/A";"ABE-9D25";"37760";"41260479114450022134550010000667831447203217";"066783";"6"
"24214759";"534191";"Finalizado";"28/04/2026";"MOB-56286219153410220021041065";"BUNGE ALIMENTOS S/A";"GHL-5H07";"47030";"51260413724386000126550030000044441342366786";"4444";"22"
"24214467";"542118";"Finalizado";"28/04/2026";"MOB-03286211854209560356040967";"BUNGE ALIMENTOS S/A";"AFV-6180";"25100";"41260479114450022134550010000667661815903210";"066766";"6"
"24214464";"538795";"Finalizado";"28/04/2026";"MOB-12286279553809561256040968";"BUNGE ALIMENTOS S/A";"JVH-4G97";"37740";"41260476093731009309550010000127131128531465";"12713";"9"
"24214389";"541629";"Finalizado";"28/04/2026";"MOB-49286262954109504950040966";"BUNGE ALIMENTOS S/A";"SFN-3D06";"39420";"41260479114450018960550010001598471158502894";"000159847";"6"
"24214306";"541629";"Finalizado";"28/04/2026";"MOB-32286262954109433343040961";"BUNGE ALIMENTOS S/A";"HDI-6B14";"38140";"41260479114450018960550010001598461738802896";"000159846";"6"
"24214275";"541629";"Finalizado";"28/04/2026";"MOB-57286262954109335733040966";"BUNGE ALIMENTOS S/A";"AUL-3G91";"36310";"41260479114450018960550010001598451402102891";"000159845";"6"
"24214205";"542118";"Finalizado";"28/04/2026";"MOB-16286211854209311631040961";"BUNGE ALIMENTOS S/A";"ATO-2621";"30520";"41260479114450022134550010000667651770203217";"066765";"6"
"24214203";"541131";"Finalizado";"28/04/2026";"MOB-17286213154108291929040853";"BUNGE ALIMENTOS S/A";"MEC-8A44";"36860";"51260400019525303934559230000186121994644107";"612";"7"
"24214147";"541759";"Finalizado";"28/04/2026";"MOB-29286275954109063206040966";"BUNGE ALIMENTOS S/A";"AVL-9A01";"37620";"51260400024580783034559200000089411000504500";"8941";"26"
"24214132";"541759";"Finalizado";"28/04/2026";"MOB-51286275954108505350040850";"BUNGE ALIMENTOS S/A";"BEY-6D08";"49020";"51260400024580783034559200000089401000504449";"8940";"26"
"24213848";"541831";"Finalizado";"28/04/2026";"MOB-16286283154107521852040752";"BUNGE ALIMENTOS S/A";"BEA-8D33";"51260";"51260400059269189104559210000023771728371823";"2377";"1"
"24213648";"541844";"Finalizado";"28/04/2026";"MOB-13286284454106511551040644";"BUNGE ALIMENTOS S/A";"ELR-9560";"47920";"51260400059269189104559210000023761110864315";"2376";"2"
"24213617";"541844";"Finalizado";"28/04/2026";"MOB-53286284454106425542040641";"BUNGE ALIMENTOS S/A";"GCA-8H33";"47490";"51260400059269189104559210000023751372287652";"2375";"2"
"24213058";"541459";"Finalizado";"27/04/2026";"MOB-27276245954119413041041919";"BUNGE ALIMENTOS S/A";"AHU-9989";"48890";"51260405480855000938550010000048061835674406";"4805";"2"
"24212881";"541459";"Finalizado";"27/04/2026";"MOB-23276245954119122612041917";"BUNGE ALIMENTOS S/A";"QWD-5G02";"49220";"51260405480855000938550010000048051943778953";"4805";"2"
"24212801";"541522";"Finalizado";"27/04/2026";"MOB-15276252254118541754041813";"BUNGE ALIMENTOS S/A";"MWU-7D48";"39290";"51260400016840186920559240000032671767524936";"3267";"1"
"24212220";"541759";"Finalizado";"27/04/2026";"MOB-59276275954117330232041715";"BUNGE ALIMENTOS S/A";"QCB-1I93";"49580";"51260400024580783034559200000089381000504351";"8938";"26"
"24212168";"541759";"Finalizado";"27/04/2026";"MOB-02276275954116551555041610";"BUNGE ALIMENTOS S/A";"EGJ-5G34";"37760";"51260400024580783034559200000089361000504322";"8936";"26"
"24212092";"541175";"Finalizado";"27/04/2026";"MOB-42276217554118254325041811";"BUNGE ALIMENTOS S/A";"TVC-1D39";"47510";"51260400099470195191559230000185491162459100";"18549";"1"
"24211901";"541759";"Finalizado";"27/04/2026";"MOB-09276275954116141514041617";"BUNGE ALIMENTOS S/A";"DPC-0E62";"37860";"51260400024580783034559200000089351000504317";"8935";"26"
"24211385";"539448";"Finalizado";"27/04/2026";"MOB-33276244853916573557041610";"BUNGE ALIMENTOS S/A";"BCC-8F65";"39540";"51260400005370959935559200000015941000068374";"1594";"5"
"24211128";"541131";"Finalizado";"27/04/2026";"MOB-06276213154116441044041619";"BUNGE ALIMENTOS S/A";"KER-9D01";"50860";"51260400019525303934559230000186061108775919";"18606";"7"
"24210934";"533270";"Finalizado";"27/04/2026";"MOB-50276227053315265426041512";"BUNGE ALIMENTOS S/A";"RXP-0E78";"49320";"51260408895796002224550220000051241701575641";"5124";"6"
"24210648";"533270";"Finalizado";"27/04/2026";"MOB-53276227053316035703041617";"BUNGE ALIMENTOS S/A";"OAX-8G97";"49340";"51260408895796002224550220000051231982328670";"5123";"6"
"24210609";"534191";"Finalizado";"27/04/2026";"MOB-51276219153415565356041514";"BUNGE ALIMENTOS S/A";"OBF-0G24";"50180";"51260413724386000126550030000044401360446401";"4440";"22"
"24210506";"534191";"Finalizado";"27/04/2026";"MOB-46276219153415494849041513";"BUNGE ALIMENTOS S/A";"NCF-8G02";"38360";"51260413724386000126550030000044391253435766";"4439";"22"
"24210404";"534191";"Finalizado";"27/04/2026";"MOB-02276219153414420542041491";"BUNGE ALIMENTOS S/A";"AYF-6F56";"38740";"51260413724386000126550030000044381682892290";"4438";"22"
"24210370";"541131";"Finalizado";"27/04/2026";"MOB-45276213154114414741041493";"BUNGE ALIMENTOS S/A";"ACR-8G00";"32300";"51260400019525303934559230000186001871027214";"18600";"7"
"24210305";"533270";"Finalizado";"27/04/2026";"MOB-49276227053314375137041491";"BUNGE ALIMENTOS S/A";"QOZ-6C58";"49560";"51260408895796002224550220000051221405476621";"5122";"6"
"24210163";"541385";"Finalizado";"27/04/2026";"MOB-28276238554115243124041511";"BUNGE ALIMENTOS S/A";"KAL-0F91";"37070";"51260410425282000556550010000509311638484135";"001";"4"
"24210159";"541131";"Finalizado";"27/04/2026";"MOB-10276213154115251225041511";"BUNGE ALIMENTOS S/A";"AUP-4F59";"36800";"51260400019525303934559230000185981015594503";"18598";"7"
"24210159";"541131";"Finalizado";"27/04/2026";"MOB-10276213154115251225041511";"BUNGE ALIMENTOS S/A";"AUP-4F59";"36800";"51260400019525303934559230000185981015594503";"18598";"7"
"24210158";"533270";"Finalizado";"27/04/2026";"MOB-58276227053314250124041493";"BUNGE ALIMENTOS S/A";"QOU-4F05";"49140";"51260408895796002224550220000051211553831384";"5121";"6"
"24210157";"541759";"Finalizado";"27/04/2026";"MOB-11276275954115021402041510";"BUNGE ALIMENTOS S/A";"EJX-7C80";"37200";"51260400024580783034559200000089331000504282";"8933";"26"
"24210118";"541759";"Finalizado";"27/04/2026";"MOB-14276275954115005100041510";"BUNGE ALIMENTOS S/A";"AXT-0D80";"39780";"51260400024580783034559200000089321000504277";"8932";"26"
"24210096";"541759";"Finalizado";"27/04/2026";"MOB-18276275954110252025041064";"BUNGE ALIMENTOS S/A";"EKH-4E63";"40140";"51260400024580783034559200000089311000504261";"8931";"26"
"24210089";"541131";"Finalizado";"27/04/2026";"MOB-30276213154114193219041498";"BUNGE ALIMENTOS S/A";"AGJ-4B07";"37520";"51260400019525303934559230000186011221061490";"18601";"7"
"24210059";"541759";"Finalizado";"27/04/2026";"MOB-06276275954110240824041063";"BUNGE ALIMENTOS S/A";"CCI-9702";"31540";"51260400024580783034559200000089301000504256";"8930";"26"
"24210036";"541759";"Finalizado";"27/04/2026";"MOB-57276275954110225922041065";"BUNGE ALIMENTOS S/A";"ASC-0E31";"39540";"51260400024580783034559200000089291000504247";"8929";"26"
"24210018";"541759";"Finalizado";"27/04/2026";"MOB-36276275954109293829040961";"BUNGE ALIMENTOS S/A";"AST-7543";"37660";"51260400024580783034559200000089281000504231";"8928";"26"
"24209774";"540968";"Finalizado";"27/04/2026";"MOB-36276296854014493749041498";"BUNGE ALIMENTOS S/A";"QCE-3H36";"39480";"51260400026611600191559220000077821135894974";"000007782";"2"
"24209707";"533270";"Finalizado";"27/04/2026";"MOB-05276227053313510651041391";"BUNGE ALIMENTOS S/A";"QBX-4G21";"48540";"51260408895796002224550220000051201928538270";"5120";"6"
"24209625";"540968";"Finalizado";"27/04/2026";"MOB-14276296854014311631041495";"BUNGE ALIMENTOS S/A";"TAZ-0J78";"49100";"51260400026611600191559220000077811135894942";"000007781";"2"
"24209621";"542120";"Finalizado";"27/04/2026";"MOB-06276212054213421042041385";"BUNGE ALIMENTOS S/A";"OOO-0G00";"50860";"51260400085616206920559200000103081637719179";"920";"1"
"24209591";"533270";"Finalizado";"27/04/2026";"MOB-35276227053313403540041385";"BUNGE ALIMENTOS S/A";"OAR-9D58";"50920";"51260408895796002224550220000051191612233532";"5119";"6"
"24209106";"541385";"Finalizado";"27/04/2026";"MOB-57276238554112580057041282";"BUNGE ALIMENTOS S/A";"NJU-6C20";"37770";"51260410425282000556550010000509241553111380";"000";"4"
"24209065";"541385";"Finalizado";"27/04/2026";"MOB-01276238554113530353041392";"BUNGE ALIMENTOS S/A";"JZZ-1197";"37200";"51260410425282000556550010000509231525810558";"000";"4"
"24209035";"541913";"Finalizado";"27/04/2026";"MOB-16276291354113462046041388";"BUNGE ALIMENTOS S/A";"ASY-9A88";"50600";"51260400096027118920559200000022161428277315";"123";"2"
"24209029";"541385";"Finalizado";"27/04/2026";"MOB-55276238554112455745041284";"BUNGE ALIMENTOS S/A";"AJS-8930";"37790";"51260410425282000556550010000509221563845242";"000";"4"
"24208780";"541131";"Finalizado";"27/04/2026";"MOB-47276213154112154915041283";"BUNGE ALIMENTOS S/A";"NFE-9I68";"37820";"51260400019525303934559230000185961631076895";"18596";"7"
"24208681";"541913";"Finalizado";"27/04/2026";"MOB-33276291354111373537041170";"BUNGE ALIMENTOS S/A";"ASY-9008";"49800";"51260400096027118920559200000022131576500002";"123";"2"
"24208582";"539448";"Finalizado";"27/04/2026";"MOB-47276244853911345034041179";"BUNGE ALIMENTOS S/A";"SDW-5C39";"37280";"51260400005370959935559200000015921000068353";"1592";"5"
"24208476";"534191";"Finalizado";"27/04/2026";"MOB-14276219153412051605041284";"BUNGE ALIMENTOS S/A";"SUW-6E66";"39380";"51260413724386000126550030000044361425237094";"4436";"22"
"24199728";"534191";"Finalizado";"24/04/2026";"MOB-12246219153418381438041812";"BUNGE ALIMENTOS S/A";"EKU-9340";"47870";"51260413724386000126550030000044311894874325";"4431";"22"
"24199677";"534191";"Finalizado";"24/04/2026";"MOB-12246219153419211521041918";"BUNGE ALIMENTOS S/A";"QIZ-3D80";"38800";"51260413724386000126550030000044291821397790";"4429";"22"
"24199557";"534191";"Finalizado";"24/04/2026";"MOB-31246219153419133413041917";"BUNGE ALIMENTOS S/A";"RXR-3H57";"47870";"51260413724386000126550030000044281291004870";"4428";"22"
"24199464";"534191";"Finalizado";"24/04/2026";"MOB-22246219153418592459041814";"BUNGE ALIMENTOS S/A";"QHR-0400";"38960";"51260413724386000126550030000044251975838054";"4425";"22"
"24199031";"536028";"Finalizado";"24/04/2026";"MOB-04246202853617050605041713";"BUNGE ALIMENTOS S/A";"RLH-0A75";"49320";"51260400000054067146559210000042111135130067";"4211";"1"
"24198722";"540820";"Finalizado";"24/04/2026";"MOB-18246282054016361836041619";"BUNGE ALIMENTOS S/A";"GHJ-2H03";"48760";"51260400020876467168559200000025841282604494";"584";"2"
"24198473";"541759";"Finalizado";"24/04/2026";"MOB-56246275954115210020041511";"BUNGE ALIMENTOS S/A";"HMV-3I92";"37960";"51260400024580783034559200000089251000503918";"8925";"26"
"24198459";"541759";"Finalizado";"24/04/2026";"MOB-52246275954115195719041511";"BUNGE ALIMENTOS S/A";"SEQ-8B94";"39260";"51260400024580783034559200000089241000503902";"8924";"26"
"24198446";"541759";"Finalizado";"24/04/2026";"MOB-29246275954113143114041388";"BUNGE ALIMENTOS S/A";"ASZ-0G76";"39640";"51260400024580783034559200000089221000503886";"8922";"26"
"24198432";"540820";"Finalizado";"24/04/2026";"MOB-28246282054016012801041616";"BUNGE ALIMENTOS S/A";"PRI-6668";"49100";"51260400020876467168559200000025831385050931";"583";"2"
"24198424";"541759";"Finalizado";"24/04/2026";"MOB-30246275954113133213041387";"BUNGE ALIMENTOS S/A";"AMO-7I54";"37760";"51260400024580783034559200000089231000503891";"8923";"26"
"24197588";"540633";"Finalizado";"24/04/2026";"MOB-01246263354014400140041490";"BUNGE ALIMENTOS S/A";"SJM-6G43";"48770";"29260400052718786949559200000372291832874883";"37229";"1"
"24197576";"541759";"Finalizado";"24/04/2026";"MOB-42246275954111144514041175";"BUNGE ALIMENTOS S/A";"AHU-2I88";"37820";"51260400024580783034559200000089201000503725";"8920";"26"
"24197516";"541759";"Finalizado";"24/04/2026";"MOB-32246275954111133513041174";"BUNGE ALIMENTOS S/A";"QWE-1F28";"38280";"51260400024580783034559200000089191000503716";"8919";"26"
"24197314";"541292";"Finalizado";"24/04/2026";"MOB-06246229254114110611041491";"BUNGE ALIMENTOS S/A";"EFV-3J16";"40820";"29260400038406187034559250000447691131621865";"00000";"4"
"24197213";"541292";"Finalizado";"24/04/2026";"MOB-07246229254113570757041395";"BUNGE ALIMENTOS S/A";"IPR-4G54";"39480";"29260400038406187034559250000447681131621850";"0000";"4"
"24197113";"541292";"Finalizado";"24/04/2026";"MOB-05246229254113460646041387";"BUNGE ALIMENTOS S/A";"LXV-8F53";"37860";"29260400038406187034559250000447671131621844";"000";"4"
"24197032";"541292";"Finalizado";"24/04/2026";"MOB-58246229254113325832041382";"BUNGE ALIMENTOS S/A";"JVY-1F16";"38040";"29260400038406187034559250000447651131621823";"0000";"4"
"24196875";"541759";"Finalizado";"24/04/2026";"MOB-16246275954111122012041172";"BUNGE ALIMENTOS S/A";"BCC-8F65";"39540";"51260400024580783034559200000089181000503700";"8918";"26"
"24196868";"541759";"Finalizado";"24/04/2026";"MOB-51246275954109475347040965";"BUNGE ALIMENTOS S/A";"EGK-1685";"50820";"51260400024580783034559200000089171000503690";"8917";"26"
"24196826";"539599";"Finalizado";"24/04/2026";"MOB-19246259953911592159041174";"BUNGE ALIMENTOS S/A";"QNC-7D75";"47660";"51260400004295991104559210000003871289209940";"387";"3"
"24196638";"541539";"Finalizado";"24/04/2026";"MOB-06246253954112050605041283";"BUNGE ALIMENTOS S/A";"PLK-9A50";"52000";"29260452815131000473550020000009781000153470";"576";"4"
"24195965";"539600";"Finalizado";"24/04/2026";"MOB-30246260053910063206041062";"BUNGE ALIMENTOS S/A";"JAV-3F00";"48400";"51260400004295991104559210000003851230815432";"385";"4"
"24195965";"539600";"Finalizado";"24/04/2026";"MOB-30246260053910063206041062";"BUNGE ALIMENTOS S/A";"JAV-3F00";"48400";"51260400004295991104559210000003851230815432";"385";"4"
"24195595";"541539";"Finalizado";"24/04/2026";"MOB-46246253954110264626041067";"BUNGE ALIMENTOS S/A";"FFW-1881";"40940";"29260452815131000473550020000009761000153395";"574";"4"
"24195595";"541539";"Finalizado";"24/04/2026";"MOB-46246253954110264626041067";"BUNGE ALIMENTOS S/A";"FFW-1881";"40940";"29260452815131000473550020000009761000153395";"574";"4"
"24195504";"534191";"Finalizado";"24/04/2026";"MOB-59246219153410140213041069";"BUNGE ALIMENTOS S/A";"ATP-8A83";"39480";"51260413724386000126550030000044241810194250";"4424";"22"
"24195469";"539600";"Finalizado";"24/04/2026";"MOB-16246260053909201820040964";"BUNGE ALIMENTOS S/A";"TCT-2G88";"47220";"51260400004295991104559210000003841850959069";"384";"4"
"24195295";"541539";"Finalizado";"24/04/2026";"MOB-06246253954109470647040961";"BUNGE ALIMENTOS S/A";"FHH-3F53";"51200";"29260452815131000473550020000009771000153414";"573";"4"
"24194856";"541759";"Finalizado";"24/04/2026";"MOB-04246275954108100510040850";"BUNGE ALIMENTOS S/A";"ATD-7C57";"39860";"51260400024580783034559200000089121000503430";"8912";"26"
"24194838";"541759";"Finalizado";"24/04/2026";"MOB-12246275954108091409040850";"BUNGE ALIMENTOS S/A";"AWF-9908";"39100";"51260400024580783034559200000089111000503424";"8911";"26"
"24194648";"541759";"Finalizado";"24/04/2026";"MOB-46246275954108074907040851";"BUNGE ALIMENTOS S/A";"CCI-9702";"31600";"51260400024580783034559200000089161000503498";"8916";"26"
"24193579";"534191";"Finalizado";"23/04/2026";"MOB-18236219153419052105041917";"BUNGE ALIMENTOS S/A";"AWF-3J38";"39340";"51260413724386000126550030000044231647607744";"4423";"22"
"24193510";"534191";"Finalizado";"23/04/2026";"MOB-05236219153418580758041813";"BUNGE ALIMENTOS S/A";"STG-1G99";"39450";"51260413724386000126550030000044221828110801";"4422";"22"
"24193458";"541759";"Finalizado";"23/04/2026";"MOB-18236275954117172517041714";"BUNGE ALIMENTOS S/A";"SEG-4G77";"38420";"51260400024580783034559200000089151000503466";"8915";"26"
"24193445";"534191";"Finalizado";"23/04/2026";"MOB-20236219153418502250041813";"BUNGE ALIMENTOS S/A";"EFD-8E07";"47630";"51260413724386000126550030000044211922492499";"4421";"22"
"24193422";"541759";"Finalizado";"23/04/2026";"MOB-49236275954116255125041618";"BUNGE ALIMENTOS S/A";"TBG-5B44";"39140";"51260400024580783034559200000089141000503450";"8914";"26"
"24193409";"541759";"Finalizado";"23/04/2026";"MOB-58236275954115520051041513";"BUNGE ALIMENTOS S/A";"AVH-5E48";"39500";"51260400024580783034559200000089131000503445";"8913";"26"
"24193389";"541759";"Finalizado";"23/04/2026";"MOB-44236275954115504850041513";"BUNGE ALIMENTOS S/A";"ILG-9C79";"38300";"51260400024580783034559200000089101000503419";"8910";"26"
"24192985";"539448";"Finalizado";"23/04/2026";"MOB-58236244853916590058041610";"BUNGE ALIMENTOS S/A";"FTP-3G62";"36980";"51260400005370959935559200000015691000067847";"1569";"5"
"24192964";"539448";"Finalizado";"23/04/2026";"MOB-19236244853916562156041610";"BUNGE ALIMENTOS S/A";"RHD-8C66";"49840";"51260400005370959935559200000015671000067826";"1567";"5"
"24192931";"539448";"Finalizado";"23/04/2026";"MOB-27236244853915523052041513";"BUNGE ALIMENTOS S/A";"AMJ-0C63";"36560";"51260400005370959935559200000015681000067831";"1568";"5"
"24191203";"539599";"Finalizado";"23/04/2026";"MOB-24236259953913382638041383";"BUNGE ALIMENTOS S/A";"QWE-3F96";"47940";"51260400004295991104559210000003781869643850";"378";"3"
"24191028";"539599";"Finalizado";"23/04/2026";"MOB-39236259953913174117041380";"BUNGE ALIMENTOS S/A";"TCO-8I68";"47590";"51260400004295991104559210000003811045742921";"377";"3"
"24190972";"534191";"Finalizado";"23/04/2026";"MOB-40236219153414064306041490";"BUNGE ALIMENTOS S/A";"ATQ-9B04";"39800";"51260413724386000126550030000044191764159834";"4419";"22"
"24190808";"539600";"Finalizado";"23/04/2026";"MOB-03236260053913040604041389";"BUNGE ALIMENTOS S/A";"QXZ-9I17";"48080";"51260400004295991104559210000003801272264420";"376";"4"
"24190145";"541861";"Finalizado";"23/04/2026";"MOB-02236286154111010201041174";"BUNGE ALIMENTOS S/A";"FPA-5J91";"49700";"51260400004295991104559210000003791912673724";"375";"1"
"24189981";"534191";"Finalizado";"23/04/2026";"MOB-00236219153412360236041284";"BUNGE ALIMENTOS S/A";"AZA-1A50";"39330";"51260413724386000126550030000044171296874802";"4417";"22"
"24189933";"534191";"Finalizado";"23/04/2026";"MOB-59236219153412300329041283";"BUNGE ALIMENTOS S/A";"NVW-5663";"37290";"51260413724386000126550030000044181381729762";"4418";"22"
"24188262";"534262";"Finalizado";"23/04/2026";"MOB-43236226253409024502040964";"BUNGE ALIMENTOS S/A";"NKF-9J37";"39460";"51260408895796003204550320000237891037615382";"23789";"1"
"24187778";"534191";"Finalizado";"23/04/2026";"MOB-27236219153409242924040967";"BUNGE ALIMENTOS S/A";"SEC-9D31";"39500";"51260413724386000126550030000044161794088372";"4416";"22"
"24133285";"540269";"Finalizado";"14/04/2026";"MOB-30146226954012483348041284";"BUNGE ALIMENTOS S/A";"UBJ-8G28";"46800";"51260400021796238015559210000103321449213429";"10332";"13"
"24131914";"534388";"Finalizado";"14/04/2026";"MOB-50146238853409545254040969";"BUNGE ALIMENTOS S/A";"PTV-5C60";"50960";"51260400016346483900559300000041691573992246";"4169";"2"
"24131060";"540269";"Finalizado";"14/04/2026";"MOB-52146226954008545454040853";"BUNGE ALIMENTOS S/A";"SPH-9C18";"47440";"51260400021796238015559210000103211449213310";"10321";"13"
"24128144";"536380";"Finalizado";"13/04/2026";"MOB-53136238053618235623041811";"BUNGE ALIMENTOS S/A";"RDT-8D66";"48500";"51260400021982830697559200000207001143444351";"20700";"17"
"24127383";"536380";"Finalizado";"13/04/2026";"MOB-06136238053617180918041714";"BUNGE ALIMENTOS S/A";"SPP-8I81";"49630";"51260400021982830697559200000206951461037294";"20695";"17"
"24127209";"536380";"Finalizado";"13/04/2026";"MOB-34136238053617023802041713";"BUNGE ALIMENTOS S/A";"BEG-2F41";"49070";"51260400021982830697559200000206941662990447";"20694";"17"
"24127201";"534191";"Finalizado";"13/04/2026";"MOB-58136219153417000159041613";"BUNGE ALIMENTOS S/A";"TAZ-4I59";"50610";"51260413724386000126550030000043931459166433";"4393";"22"
"24127140";"536380";"Finalizado";"13/04/2026";"MOB-40136238053616554355041610";"BUNGE ALIMENTOS S/A";"TAZ-3F91";"49190";"51260400021982830697559200000206931375442270";"20693";"17"
"24127116";"534191";"Finalizado";"13/04/2026";"MOB-56136219153416415941041619";"BUNGE ALIMENTOS S/A";"SFC-7E24";"49840";"51260413724386000126550030000043921325312837";"4392";"22"
"24126867";"536380";"Finalizado";"13/04/2026";"MOB-12136238053616381438041619";"BUNGE ALIMENTOS S/A";"QCD-4F33";"49280";"51260400021982830697559200000206921491366251";"20692";"17"
"24126659";"536380";"Finalizado";"13/04/2026";"MOB-02136238053615190519041511";"BUNGE ALIMENTOS S/A";"RXP-0H08";"49080";"51260400021982830697559200000206901301134635";"20690";"17"
"24126499";"534191";"Finalizado";"13/04/2026";"MOB-40136219153416034203041617";"BUNGE ALIMENTOS S/A";"RHR-7J94";"49900";"51260413724386000126550030000043891218780440";"4389";"22"
"24126499";"534191";"Finalizado";"13/04/2026";"MOB-40136219153416034203041617";"BUNGE ALIMENTOS S/A";"RHR-7J94";"49900";"51260413724386000126550030000043891218780440";"4389";"22"
"24126384";"534191";"Finalizado";"13/04/2026";"MOB-13136219153414561656041491";"BUNGE ALIMENTOS S/A";"STF-3H31";"49060";"51260413724386000126550030000043881999579177";"4388";"22"
"24125598";"536380";"Finalizado";"13/04/2026";"MOB-59136238053615300129041512";"BUNGE ALIMENTOS S/A";"RHV-4A77";"48880";"51260400021982830697559200000206881333413337";"20688";"17"
"24125029";"536380";"Finalizado";"13/04/2026";"MOB-55136238053615095809041511";"BUNGE ALIMENTOS S/A";"AZG-3A99";"48810";"51260400021982830697559200000206841600257421";"20684";"17"
"24123867";"536559";"Finalizado";"13/04/2026";"MOB-07136255953611211521041177";"BUNGE ALIMENTOS S/A";"FCI-7D71";"50230";"51260400021982830697559200000206791786651630";"20679";"1"
"24123501";"536380";"Finalizado";"13/04/2026";"MOB-06136238053611531053041179";"BUNGE ALIMENTOS S/A";"RHH-5F54";"39540";"51260400021982830697559200000206781370138445";"20678";"17"
"24123408";"536380";"Finalizado";"13/04/2026";"MOB-56136238053611440143041176";"BUNGE ALIMENTOS S/A";"SEE-8E15";"49040";"51260400021982830697559200000206761946456331";"20676";"17"
"24123278";"536380";"Finalizado";"13/04/2026";"MOB-17136238053610312131041068";"BUNGE ALIMENTOS S/A";"RHZ-5H62";"48490";"51260400021982830697559200000206741169282918";"20674";"17"
"24123107";"536380";"Finalizado";"13/04/2026";"MOB-14136238053610101910041064";"BUNGE ALIMENTOS S/A";"SEE-8E30";"49140";"51260400021982830697559200000206731340856505";"20673";"17"
"24122924";"536380";"Finalizado";"13/04/2026";"MOB-00136238053610450245041066";"BUNGE ALIMENTOS S/A";"AFT-8111";"49440";"51260400021982830697559200000206701481686450";"20670";"17"
"24122824";"540082";"Finalizado";"13/04/2026";"MOB-17136208254008312031040855";"BUNGE ALIMENTOS S/A";"FSI-5B72";"49760";"51260413724386000126550030000043851185638617";"4385";"2"
"24122808";"540082";"Finalizado";"13/04/2026";"MOB-29136208254008273127040853";"BUNGE ALIMENTOS S/A";"QSP-3D02";"48020";"51260413724386000126550030000043841384001093";"4384";"2"
"24121531";"540269";"Finalizado";"12/04/2026";"MOB-59126226954014230622041492";"BUNGE ALIMENTOS S/A";"SDV-9D08";"47000";"51260400021796238015559210000103021449213128";"10302";"13"
"24121023";"540269";"Finalizado";"12/04/2026";"MOB-11126226954010421342041065";"BUNGE ALIMENTOS S/A";"RHM-1A06";"39160";"51260400021796238015559210000102981449213085";"10298";"13"
"24120958";"540269";"Finalizado";"12/04/2026";"MOB-18126226954010182018041060";"BUNGE ALIMENTOS S/A";"FVA-7C41";"39300";"51260400021796238015559210000102971449213070";"10297";"13"
"24120918";"540269";"Finalizado";"12/04/2026";"MOB-18126226954010072007041062";"BUNGE ALIMENTOS S/A";"NUG-2J50";"39900";"51260400021796238015559210000102961449213064";"10296";"13"
"24120798";"540269";"Finalizado";"12/04/2026";"MOB-33126226954009373537040967";"BUNGE ALIMENTOS S/A";"SFH-4A07";"39680";"51260400021796238015559210000102951449213059";"10295";"13"
"24120775";"540269";"Finalizado";"12/04/2026";"MOB-51126226954009295429040963";"BUNGE ALIMENTOS S/A";"RHM-1A08";"38640";"51260400021796238015559210000102941449213043";"10294";"13"
"24119419";"531812";"Finalizado";"11/04/2026";"MOB-20116281253115552255041513";"BUNGE ALIMENTOS S/A";"UAA-2C35";"47660";"51260417852875000114550010000431761452486360";"000043176";"10"
"24119255";"531812";"Finalizado";"11/04/2026";"MOB-23116281253115222422041511";"BUNGE ALIMENTOS S/A";"BEJ-5A27";"47040";"51260417852875000114550010000431731931376570";"000043173";"10"
"24119242";"540269";"Finalizado";"11/04/2026";"MOB-06116226954015190819041511";"BUNGE ALIMENTOS S/A";"FRR-4197";"47620";"51260400021796238015559210000102901449213001";"10290";"13"
"24119073";"539582";"Finalizado";"11/04/2026";"MOB-38116258253915444044041513";"BUNGE ALIMENTOS S/A";"PYG-3G61";"47380";"51260417852875000114550010000431691729207302";"000043169";"4"
"24118994";"540269";"Finalizado";"11/04/2026";"MOB-25116226954015242824041511";"BUNGE ALIMENTOS S/A";"AWF-9191";"39520";"51260400021796238015559210000102881449212988";"10288";"13"
"24118710";"540269";"Finalizado";"11/04/2026";"MOB-36116226954014313731041496";"BUNGE ALIMENTOS S/A";"TJW-2J79";"47820";"51260400021796238015559210000102851449212951";"10285";"13"
"24118687";"540269";"Finalizado";"11/04/2026";"MOB-26116226954014292829041494";"BUNGE ALIMENTOS S/A";"ASE-5I45";"39260";"51260400021796238015559210000102841449212946";"10284";"13"
"24118675";"540269";"Finalizado";"11/04/2026";"MOB-11116226954013241224041383";"BUNGE ALIMENTOS S/A";"AYF-7H79";"38960";"51260400021796238015559210000102831449212930";"10283";"13"
"24117910";"540254";"Finalizado";"11/04/2026";"MOB-48116225454010355135041063";"BUNGE ALIMENTOS S/A";"RAO-6J66";"47270";"51260400001989225900559200000086461094710411";"649";"2"
"24117849";"540254";"Finalizado";"11/04/2026";"MOB-40116225454010274227041067";"BUNGE ALIMENTOS S/A";"RRL-8I86";"47150";"51260400001989225900559200000086451617610770";"645";"2"
"24116636";"539582";"Finalizado";"11/04/2026";"MOB-10116258253908531253040859";"BUNGE ALIMENTOS S/A";"BDT-6F55";"49380";"51260417852875000114550010000431661211028898";"000043166";"4"
"24116602";"539582";"Finalizado";"11/04/2026";"MOB-24116258253907442644040747";"BUNGE ALIMENTOS S/A";"FZQ-5D31";"47780";"51260417852875000114550010000431651771647502";"000043165";"4"
"24116413";"534388";"Finalizado";"11/04/2026";"MOB-46116238853407134813040748";"BUNGE ALIMENTOS S/A";"BBR-8747";"49940";"51260400016346483900559300000041671680110480";"4167";"2"
"24115818";"540057";"Finalizado";"10/04/2026";"MOB-11106205754019441444041919";"BUNGE ALIMENTOS S/A";"SPO-2A75";"49050";"51260400032539142087559250000009621001217498";"0962";"1"
"24115724";"536380";"Finalizado";"10/04/2026";"MOB-55106238053620205720042015";"BUNGE ALIMENTOS S/A";"BDH-6I63";"47580";"51260400021982830697559200000206681823814220";"20668";"17"
"24115433";"536383";"Finalizado";"10/04/2026";"MOB-41106238353619224322041918";"BUNGE ALIMENTOS S/A";"RHH-9B42";"48760";"51260400021982830697559200000206641197626549";"20663";"2"
"24115361";"536380";"Finalizado";"10/04/2026";"MOB-09106238053619131313041917";"BUNGE ALIMENTOS S/A";"SFA-4I50";"49350";"51260400021982830697559200000206631250945014";"20663";"17"
"24115342";"531812";"Finalizado";"10/04/2026";"MOB-13106281253117101710041714";"BUNGE ALIMENTOS S/A";"QNP-8D03";"47620";"51260417852875000114550010000431641000377685";"000043164";"10"
"24115329";"536380";"Finalizado";"10/04/2026";"MOB-51106238053619065306041917";"BUNGE ALIMENTOS S/A";"BEQ-2H31";"49250";"51260400021982830697559200000206621113859640";"20662";"17"
"24115210";"536383";"Finalizado";"10/04/2026";"MOB-15106238353617521652041716";"BUNGE ALIMENTOS S/A";"RHZ-1J50";"49300";"51260400021982830697559200000206611914812601";"20661";"2"
"24115183";"531812";"Finalizado";"10/04/2026";"MOB-27106281253117482848041716";"BUNGE ALIMENTOS S/A";"QWE-3F96";"47900";"51260417852875000114550010000431621669608461";"000043162";"10"
"24115150";"531812";"Finalizado";"10/04/2026";"MOB-46106281253116434843041619";"BUNGE ALIMENTOS S/A";"RAO-9A60";"47540";"51260417852875000114550010000431631054876623";"000043163";"10"
"24115101";"536380";"Finalizado";"10/04/2026";"MOB-50106238053617375237041716";"BUNGE ALIMENTOS S/A";"RHY-0E57";"49190";"51260400021982830697559200000206601567141006";"20660";"17"
"24115082";"539582";"Finalizado";"10/04/2026";"MOB-52106258253917365436041716";"BUNGE ALIMENTOS S/A";"PRU-6H56";"48520";"51260417852875000114550010000431611980767188";"000043161";"4"
"24115049";"531812";"Finalizado";"10/04/2026";"MOB-58106281253116320031041619";"BUNGE ALIMENTOS S/A";"SDM-4I21";"48340";"51260417852875000114550010000431601212477536";"000043160";"10"
"24107472";"531812";"Finalizado";"09/04/2026";"MOB-02096281253116510451041610";"BUNGE ALIMENTOS S/A";"SBY-1D33";"48160";"51260417852875000114550010000431571051099335";"000043157";"10"
"24107361";"531812";"Finalizado";"09/04/2026";"MOB-07096281253116400840041619";"BUNGE ALIMENTOS S/A";"TXL-9E64";"47600";"51260417852875000114550010000431521403256575";"000043152";"10"
"24107243";"531812";"Finalizado";"09/04/2026";"MOB-52096281253116295529041618";"BUNGE ALIMENTOS S/A";"QXZ-5A78";"47380";"51260417852875000114550010000431541727126264";"000043154";"10"
"24107194";"531812";"Finalizado";"09/04/2026";"MOB-43096281253116254525041618";"BUNGE ALIMENTOS S/A";"RFB-1E58";"47640";"51260417852875000114550010000431551893087645";"000043155";"10"
"24085707";"538795";"Finalizado";"06/04/2026";"MOB-25066279553817072607041713";"BUNGE ALIMENTOS S/A";"SER-0E52";"37340";"41260476093731009309550010000123321302717828";"12332";"9"
"24084920";"538795";"Finalizado";"06/04/2026";"MOB-57066279553815525752041513";"BUNGE ALIMENTOS S/A";"SEK-6A84";"39580";"41260476093731009309550010000123291738653546";"12329";"9"
"24084562";"538181";"Finalizado";"06/04/2026";"MOB-08066218153815220822041511";"BUNGE ALIMENTOS S/A";"RCV-3B55";"37380";"41260408660760000137550020000075001913031904";"7500";"1"
"24084206";"538795";"Finalizado";"06/04/2026";"MOB-20066279553814442044041494";"BUNGE ALIMENTOS S/A";"AOP-1C01";"39640";"41260476093731009309550010000123261861367171";"12326";"9"
"24083048";"538763";"Finalizado";"06/04/2026";"MOB-41066276353811404240041173";"BUNGE ALIMENTOS S/A";"AHK-6H89";"40840";"31260418104802000107550010003600671651842134";"00";"1"
"24082973";"538795";"Finalizado";"06/04/2026";"MOB-28066279553811342834041178";"BUNGE ALIMENTOS S/A";"MKW-3I26";"37140";"41260476093731009309550010000123251984534028";"12325";"9"
"24082718";"538795";"Finalizado";"06/04/2026";"MOB-28066279553811072807041170";"BUNGE ALIMENTOS S/A";"IWO-8I83";"35840";"41260476093731009309550010000123221239928352";"12322";"9"
"24082677";"538795";"Finalizado";"06/04/2026";"MOB-49066279553811025002041178";"BUNGE ALIMENTOS S/A";"MLP-4I39";"37920";"41260476093731009309550010000123211347180668";"12321";"9"
"24082628";"538357";"Finalizado";"06/04/2026";"MOB-18066235753810551855041074";"BUNGE ALIMENTOS S/A";"AAC-5690";"37880";"41260479114450022134550010000659841594303210";"65984";"2"
"24082291";"538357";"Finalizado";"06/04/2026";"MOB-48066235753810084908041065";"BUNGE ALIMENTOS S/A";"ATF-3B81";"39960";"41260479114450022134550010000659761120503216";"65976";"2"
"24081963";"538795";"Finalizado";"06/04/2026";"MOB-00066279553809080008040965";"BUNGE ALIMENTOS S/A";"JVH-4G97";"37580";"41260476093731009309550010000123171592923373";"12317";"9"
"24081935";"538795";"Finalizado";"06/04/2026";"MOB-10066279553808561056040851";"BUNGE ALIMENTOS S/A";"ASF-2D84";"37720";"41260476093731009309550010000123161869202353";"12316";"9"
"24081902";"538380";"Finalizado";"06/04/2026";"MOB-33066238053808423442040853";"BUNGE ALIMENTOS S/A";"RPB-1F95";"50280";"29260400044305400987559200000460521328518651";"46052";"14"
"24080231";"538948";"Finalizado";"05/04/2026";"MOB-14056294853815161416041511";"BUNGE ALIMENTOS S/A";"OUH-6027";"50760";"29260400038406187034559250000432041131605111";"43204";"7"
"24080227";"537723";"Finalizado";"05/04/2026";"MOB-14056272353715121412041510";"BUNGE ALIMENTOS S/A";"RPZ-2I96";"50290";"29260400052718786949559200000364691472408535";"36469";"21"
"24080215";"537723";"Finalizado";"05/04/2026";"MOB-58056272353714565856041494";"BUNGE ALIMENTOS S/A";"RWK-6H76";"38750";"29260400052718786949559200000364681324681163";"36468";"21"
"24080173";"537723";"Finalizado";"05/04/2026";"MOB-10056272353714371037041498";"BUNGE ALIMENTOS S/A";"BAP-2G82";"39840";"29260400052718786949559200000364701544747544";"36470";"21"
"24080172";"538948";"Finalizado";"05/04/2026";"MOB-18056294853814371837041499";"BUNGE ALIMENTOS S/A";"ATB-8A09";"50960";"29260400038406187034559250000431991131605063";"43199";"7"
"24080142";"537723";"Finalizado";"05/04/2026";"MOB-56056272353714155615041497";"BUNGE ALIMENTOS S/A";"OUN-1G69";"50740";"29260400052718786949559200000364671014443712";"36467";"21"
"24080127";"538948";"Finalizado";"05/04/2026";"MOB-38056294853814083808041491";"BUNGE ALIMENTOS S/A";"EFV-3J16";"40760";"29260400038406187034559250000431941131605016";"0000";"7"
"24080126";"538380";"Finalizado";"05/04/2026";"MOB-44056238053814074407041491";"BUNGE ALIMENTOS S/A";"RPZ-9H75";"50780";"29260400044305400987559200000460351866032327";"46035";"14"
"24080098";"538948";"Finalizado";"05/04/2026";"MOB-40056294853813484048041391";"BUNGE ALIMENTOS S/A";"JMD-1I53";"36820";"29260400038406187034559250000431921131604996";"0000";"7"
"24080077";"537723";"Finalizado";"05/04/2026";"MOB-51056272353713375137041385";"BUNGE ALIMENTOS S/A";"RPY-3F29";"47290";"29260400052718786949559200000364661288084089";"36466";"21"
"24080048";"538380";"Finalizado";"05/04/2026";"MOB-22056238053813202220041381";"BUNGE ALIMENTOS S/A";"AVR-6A36";"50580";"29260400044305400987559200000460321801372083";"46032";"14"
"24080039";"537723";"Finalizado";"05/04/2026";"MOB-25056272353713162516041389";"BUNGE ALIMENTOS S/A";"RPZ-3E57";"47230";"29260400052718786949559200000364641336268364";"36464";"21"
"24080024";"537723";"Finalizado";"05/04/2026";"MOB-48056272353713004800041380";"BUNGE ALIMENTOS S/A";"PLH-3249";"50730";"29260400052718786949559200000364631681204360";"36463";"21"
"24080009";"537723";"Finalizado";"05/04/2026";"MOB-16056272353712451645041281";"BUNGE ALIMENTOS S/A";"RPR-6C85";"47130";"29260400052718786949559200000364621076412423";"36462";"21"
"24079909";"538380";"Finalizado";"05/04/2026";"MOB-15056238053811381538041179";"BUNGE ALIMENTOS S/A";"NZF-0638";"51600";"29260400044305400987559200000460271331346472";"46027";"14"
"24079730";"537723";"Finalizado";"05/04/2026";"MOB-05056272353710220522041061";"BUNGE ALIMENTOS S/A";"AAN-0G56";"51560";"29260400052718786949559200000364581611573447";"39458";"21"
"24078598";"538064";"Finalizado";"04/04/2026";"MOB-51046206453815525152041513";"BUNGE ALIMENTOS S/A";"SJW-3H53";"50720";"29260400005447017807559200000514291267714246";"51429";"23"
"24078597";"537723";"Finalizado";"04/04/2026";"MOB-22046272353715522252041513";"BUNGE ALIMENTOS S/A";"SWQ-2C42";"49630";"29260400052718786949559200000364571155321838";"36457";"21"
"24078571";"537723";"Finalizado";"04/04/2026";"MOB-58046272353715435843041513";"BUNGE ALIMENTOS S/A";"JAT-9G35";"50620";"29260400052718786949559200000364561160846687";"36456";"21"
"24078521";"537723";"Finalizado";"04/04/2026";"MOB-31046272353715133113041511";"BUNGE ALIMENTOS S/A";"BEW-2D15";"50560";"29260400052718786949559200000364551066121782";"36455";"21"
"24078481";"538380";"Finalizado";"04/04/2026";"MOB-56046238053815125612041511";"BUNGE ALIMENTOS S/A";"JCL-2E13";"50540";"29260400044305400987559200000459981083318683";"45998";"14"
"24078433";"537723";"Finalizado";"04/04/2026";"MOB-11046272353714561156041491";"BUNGE ALIMENTOS S/A";"PJW-0650";"50560";"29260400052718786949559200000364541538085450";"36454";"21"
"24078385";"538064";"Finalizado";"04/04/2026";"MOB-06046206453814430643041492";"BUNGE ALIMENTOS S/A";"QJH-0I80";"38690";"29260400005447017807559200000514241035467111";"51424";"23"
"24078343";"538064";"Finalizado";"04/04/2026";"MOB-47046206453814344734041499";"BUNGE ALIMENTOS S/A";"PKS-8H21";"50430";"29260400005447017807559200000514231507543803";"51423";"23"
"24078340";"537723";"Finalizado";"04/04/2026";"MOB-07046272353714330733041495";"BUNGE ALIMENTOS S/A";"RDM-9G08";"50060";"29260400052718786949559200000364521767830079";"36452";"21"
"24078299";"537723";"Finalizado";"04/04/2026";"MOB-51046272353714215221041491";"BUNGE ALIMENTOS S/A";"PLE-7H51";"51460";"29260400052718786949559200000364501251357103";"36450";"21"
"24078284";"538380";"Finalizado";"04/04/2026";"MOB-26046238053814122612041493";"BUNGE ALIMENTOS S/A";"SJS-9E89";"49880";"29260400044305400987559200000459941048015816";"45994";"14"
"24078112";"538380";"Finalizado";"04/04/2026";"MOB-33046238053813243324041385";"BUNGE ALIMENTOS S/A";"SDV-8G02";"50100";"29260400044305400987559200000459921844387301";"45992";"14"
"24078048";"538064";"Finalizado";"04/04/2026";"MOB-56046206453813015601041381";"BUNGE ALIMENTOS S/A";"GIJ-4C27";"51290";"29260400005447017807559200000514131086623737";"51413";"23"
"24077936";"538064";"Finalizado";"04/04/2026";"MOB-12046206453812101210041287";"BUNGE ALIMENTOS S/A";"FPK-2J84";"51180";"29260400005447017807559200000514191034287608";"51419";"23"
"24077904";"538064";"Finalizado";"04/04/2026";"MOB-34046206453812053405041285";"BUNGE ALIMENTOS S/A";"PLT-8C31";"50550";"29260400005447017807559200000514161744371521";"51416";"23"
"24077871";"538064";"Finalizado";"04/04/2026";"MOB-36046206453811553655041172";"BUNGE ALIMENTOS S/A";"OEL-4J65";"51340";"29260400005447017807559200000514201701302040";"51420";"23"
"24077867";"538948";"Finalizado";"04/04/2026";"MOB-25046294853811532553041170";"BUNGE ALIMENTOS S/A";"NZP-5C26";"50700";"29260400038406187034559250000430931131603983";"0000";"7"
"24077799";"538380";"Finalizado";"04/04/2026";"MOB-52046238053811295229041176";"BUNGE ALIMENTOS S/A";"THA-8H77";"47440";"29260400044305400987559200000459871126228636";"45987";"14"
"24077790";"537974";"Finalizado";"04/04/2026";"MOB-48046297453711284828041175";"BUNGE ALIMENTOS S/A";"ADN-7258";"31840";"22260400092375952049559200000008511307910618";"0000";"1"
"24077760";"538948";"Finalizado";"04/04/2026";"MOB-14046294853811181418041176";"BUNGE ALIMENTOS S/A";"THH-6D00";"47480";"29260400038406187034559250000430911131603962";"0000";"7"
"24077714";"537723";"Finalizado";"04/04/2026";"MOB-48046272353711074807041171";"BUNGE ALIMENTOS S/A";"RCP-8D19";"50820";"29260400052718786949559200000364511715640174";"36451";"21"
"24077613";"537723";"Finalizado";"04/04/2026";"MOB-07046272353710520752041071";"BUNGE ALIMENTOS S/A";"OKO-0540";"50970";"29260400052718786949559200000364491106807089";"36449";"21"
"24077506";"538380";"Finalizado";"04/04/2026";"MOB-04046238053810360436041060";"BUNGE ALIMENTOS S/A";"SKI-3B70";"48360";"29260400044305400987559200000459781613714154";"45978";"14"
"24077436";"538147";"Finalizado";"04/04/2026";"MOB-58046214753810185918041062";"BUNGE ALIMENTOS S/A";"RPN-1J15";"50220";"29260400040160120968559204000150101185924500";"015010";"1"
"24077365";"538380";"Finalizado";"04/04/2026";"MOB-06046238053809580658040969";"BUNGE ALIMENTOS S/A";"RDG-6G28";"48140";"29260400044305400987559200000459741613042815";"45974";"14"
"24077363";"538064";"Finalizado";"04/04/2026";"MOB-29046206453810002900041068";"BUNGE ALIMENTOS S/A";"RXP-0E28";"50580";"29260400005447017807559200000514091643841641";"51409";"23"
"24077340";"538380";"Finalizado";"04/04/2026";"MOB-51046238053809505150040967";"BUNGE ALIMENTOS S/A";"RPF-4J85";"48480";"29260400044305400987559200000459731844888240";"45973";"14"
"24077298";"538064";"Finalizado";"04/04/2026";"MOB-12046206453809371237040965";"BUNGE ALIMENTOS S/A";"RPS-7H51";"47870";"29260400005447017807559200000514081052424413";"51408";"23"
"24077289";"537723";"Finalizado";"04/04/2026";"MOB-42046272353709374237040967";"BUNGE ALIMENTOS S/A";"QWE-3G03";"50720";"29260400052718786949559200000364481365235319";"36448";"21"
"24077278";"538064";"Finalizado";"04/04/2026";"MOB-18046206453809331833040963";"BUNGE ALIMENTOS S/A";"RCU-9A00";"50570";"29260400005447017807559200000514061340422470";"51406";"23"
"24077257";"537192";"Finalizado";"04/04/2026";"MOB-26046219253709242724040967";"BUNGE ALIMENTOS S/A";"DVS-5H72";"39500";"22260400091491827572559200000059201022822392";"00";"1"
"24077169";"538380";"Finalizado";"04/04/2026";"MOB-57046238053809045804040966";"BUNGE ALIMENTOS S/A";"TGZ-6B82";"47460";"29260400044305400987559200000459691143118888";"45969";"14"
"24076071";"537723";"Finalizado";"03/04/2026";"MOB-07036272353711290729041173";"BUNGE ALIMENTOS S/A";"RSN-8J11";"50480";"29260400052718786949559200000364381512636782";"36438";"21"
"24076047";"537723";"Finalizado";"03/04/2026";"MOB-46036272353711094609041172";"BUNGE ALIMENTOS S/A";"RPU-0G03";"50240";"29260400052718786949559200000364371017462824";"36437";"21"
"24076019";"538064";"Finalizado";"03/04/2026";"MOB-16036206453811031603041176";"BUNGE ALIMENTOS S/A";"RPU-3G21";"50020";"29260400005447017807559200000513761006666803";"51376";"23"
"24076007";"538064";"Finalizado";"03/04/2026";"MOB-10036206453811001100041174";"BUNGE ALIMENTOS S/A";"OUV-9C81";"50400";"29260400005447017807559200000513731883506362";"51373";"23"
"24075993";"538064";"Finalizado";"03/04/2026";"MOB-21036206453810552155041074";"BUNGE ALIMENTOS S/A";"RPX-1C48";"50870";"29260400005447017807559200000513741532844033";"51374";"23"
"24075985";"538064";"Finalizado";"03/04/2026";"MOB-13036206453810391339041063";"BUNGE ALIMENTOS S/A";"RDE-4C73";"47440";"29260400005447017807559200000513711021407868";"51371";"23"
"24075969";"538950";"Finalizado";"03/04/2026";"MOB-16036295053810441744041067";"BUNGE ALIMENTOS S/A";"KIP-3559";"37100";"22260400050310550068559200000003061000072418";"0306";"1"
"24075836";"538064";"Finalizado";"03/04/2026";"MOB-36036206453809533653040967";"BUNGE ALIMENTOS S/A";"SKM-4I14";"47850";"29260400005447017807559200000513671304207620";"51367";"23"
"24075790";"538064";"Finalizado";"03/04/2026";"MOB-21036206453809352135040964";"BUNGE ALIMENTOS S/A";"QWB-9I49";"49310";"29260400005447017807559200000513651216432236";"51365";"23"
"24075789";"537723";"Finalizado";"03/04/2026";"MOB-41036272353709334133040965";"BUNGE ALIMENTOS S/A";"AFR-1358";"50700";"29260400052718786949559200000364361605105324";"36436";"21"
"24075768";"538064";"Finalizado";"03/04/2026";"MOB-53036206453809225322040968";"BUNGE ALIMENTOS S/A";"QMA-6D34";"50350";"29260400005447017807559200000513641420845880";"51364";"23"
"24075762";"538064";"Finalizado";"03/04/2026";"MOB-36036206453809153615040962";"BUNGE ALIMENTOS S/A";"PLT-1B01";"50450";"29260400005447017807559200000513631784171676";"51363";"23"
"24075717";"538064";"Finalizado";"03/04/2026";"MOB-37036206453808453745040856";"BUNGE ALIMENTOS S/A";"PLW-0A60";"38690";"29260400005447017807559200000513621413348538";"51362";"23"
"24073229";"533758";"Finalizado";"02/04/2026";"MOB-15026275853316131513041617";"BUNGE ALIMENTOS S/A";"EXO-2A16";"50100";"29260400064699404049559340000002431010819728";"000";"2"
"24073073";"538532";"Finalizado";"02/04/2026";"MOB-41026253253815524152041513";"BUNGE ALIMENTOS S/A";"PLD-0E40";"38920";"29260400021995508004559200000319421297252126";"31942";"1"
"24072969";"538064";"Finalizado";"02/04/2026";"MOB-21026206453815412141041512";"BUNGE ALIMENTOS S/A";"SCA-6E40";"47290";"29260400005447017807559200000513451613425675";"51345";"23"
"24072940";"538948";"Finalizado";"02/04/2026";"MOB-09026294853815370937041512";"BUNGE ALIMENTOS S/A";"JMD-1I53";"36700";"29260400038406187034559250000429691131602749";"0000";"7"
"24072914";"538064";"Finalizado";"02/04/2026";"MOB-15026206453815331533041512";"BUNGE ALIMENTOS S/A";"SKJ-6H24";"48280";"29260400005447017807559200000513461003205326";"51346";"23"
"24072795";"538380";"Finalizado";"02/04/2026";"MOB-59026238053815225922041511";"BUNGE ALIMENTOS S/A";"PLB-0A42";"49680";"29260400044305400987559200000459291477240759";"45929";"14"
"24072783";"538064";"Finalizado";"02/04/2026";"MOB-12026206453815231223041511";"BUNGE ALIMENTOS S/A";"QTU-7D18";"49860";"29260400005447017807559200000513441516713532";"51344";"23"
"24072624";"538380";"Finalizado";"02/04/2026";"MOB-19026238053815051905041510";"BUNGE ALIMENTOS S/A";"RPL-7C67";"50460";"29260400044305400987559200000459261037130228";"45926";"14"
"24072418";"538064";"Finalizado";"02/04/2026";"MOB-49026206453814544954041492";"BUNGE ALIMENTOS S/A";"SKR-6D32";"39210";"29260400005447017807559200000513431203371465";"51343";"23"
"24072336";"537049";"Finalizado";"02/04/2026";"MOB-54026204953714425542041495";"BUNGE ALIMENTOS S/A";"SFY-3J23";"46720";"29260400021995508004559200000319351556100900";"031935";"1"
"24072328";"533758";"Finalizado";"02/04/2026";"MOB-37026275853314453745041496";"BUNGE ALIMENTOS S/A";"RPO-4D81";"50740";"29260400064699404049559340000002421926109180";"00";"2"